id_case,activity,enabled_time,start_time,end_time,role,resource,wip_wait,wip_start,wip_end,wip_activity,ro_total,ro_single,queue,prefix,attribute_case,attribute_event
0,A_SUBMITTED,2022-01-01 10:02:58.364156,2022-01-01 10:02:58.364156,2022-01-01 11:36:20.585144,Role 1,E,1,1,15,1,"[0.5, 0.0, 0.0]",0.5,0,[],{'AMOUNT': 47941},{'bank_branch': 'Utrecht'}
1,A_SUBMITTED,2022-01-01 10:04:05.340759,2022-01-01 10:04:05.340759,2022-01-01 12:01:56.322125,Role 1,D,2,2,20,2,"[1.0, 0.0, 0.0]",1.0,0,[],{'AMOUNT': 80839},{'bank_branch': 'Utrecht'}
2,A_SUBMITTED,2022-01-01 10:06:31.014415,2022-01-01 11:36:20.585144,2022-01-01 13:01:13.649096,Role 1,E,3,15,30,2,"[1.0, 0.0, 0.0]",1.0,0,[],{'AMOUNT': 69881},{'bank_branch': 'Utrecht'}
3,A_SUBMITTED,2022-01-01 10:08:24.575344,2022-01-01 12:01:56.322125,2022-01-01 13:28:02.708881,Role 1,D,4,20,35,2,"[1.0, 0.0, 0.0]",1.0,1,[],{'AMOUNT': 58626},{'bank_branch': 'Utrecht'}
4,A_SUBMITTED,2022-01-01 10:11:12.634566,2022-01-01 13:01:13.649096,2022-01-01 14:24:21.241350,Role 1,E,5,30,35,2,"[1.0, 0.0, 0.0]",1.0,2,[],{'AMOUNT': 12833},{'bank_branch': 'Utrecht'}
5,A_SUBMITTED,2022-01-01 10:15:09.937273,2022-01-01 13:28:02.708881,2022-01-01 14:33:06.936790,Role 1,D,6,35,35,2,"[1.0, 0.0, 0.0]",1.0,3,[],{'AMOUNT': 70791},{'bank_branch': 'Utrecht'}
6,A_SUBMITTED,2022-01-01 10:25:39.911087,2022-01-01 14:24:21.241350,2022-01-01 15:43:18.060977,Role 1,E,7,35,35,2,"[1.0, 0.0, 0.0]",1.0,4,[],{'AMOUNT': 79844},{'bank_branch': 'Utrecht'}
7,A_SUBMITTED,2022-01-01 10:33:22.803693,2022-01-01 14:33:06.936790,2022-01-01 16:07:22.364995,Role 1,D,8,35,35,2,"[1.0, 0.0, 0.0]",1.0,5,[],{'AMOUNT': 30948},{'bank_branch': 'Utrecht'}
8,A_SUBMITTED,2022-01-01 10:39:03.727571,2022-01-01 15:43:18.060977,2022-01-01 16:49:35.971374,Role 1,E,9,35,35,2,"[1.0, 0.0, 0.0]",1.0,6,[],{'AMOUNT': 94731},{'bank_branch': 'Utrecht'}
9,A_SUBMITTED,2022-01-01 10:39:55.406585,2022-01-01 16:07:22.364995,2022-01-01 17:54:17.724090,Role 1,D,10,35,35,2,"[1.0, 0.0, 0.0]",1.0,7,[],{'AMOUNT': 88024},{'bank_branch': 'Utrecht'}
10,A_SUBMITTED,2022-01-01 10:49:08.360695,2022-01-01 16:49:35.971374,2022-01-01 18:07:09.112996,Role 1,E,11,35,35,2,"[1.0, 0.0, 0.0]",1.0,8,[],{'AMOUNT': 17194},{'bank_branch': 'Utrecht'}
12,A_SUBMITTED,2022-01-01 11:25:06.367982,2022-01-01 18:07:09.112996,2022-01-01 19:45:44.610161,Role 1,E,13,35,35,2,"[1.0, 0.0, 0.0]",1.0,10,[],{'AMOUNT': 77730},{'bank_branch': 'Utrecht'}
11,A_SUBMITTED,2022-01-01 10:51:47.114099,2022-01-01 17:54:17.724090,2022-01-01 19:45:57.872033,Role 1,D,12,35,35,2,"[1.0, 0.0, 0.0]",1.0,9,[],{'AMOUNT': 43202},{'bank_branch': 'Utrecht'}
13,A_SUBMITTED,2022-01-01 11:25:27.166637,2022-01-01 19:45:44.610161,2022-01-01 20:51:46.551853,Role 1,E,14,35,35,2,"[1.0, 0.0, 0.0]",1.0,11,[],{'AMOUNT': 19934},{'bank_branch': 'Utrecht'}
14,A_SUBMITTED,2022-01-01 11:33:09.708409,2022-01-01 19:45:57.872033,2022-01-01 21:21:09.081940,Role 1,D,15,35,35,2,"[1.0, 0.0, 0.0]",1.0,12,[],{'AMOUNT': 61991},{'bank_branch': 'Utrecht'}
0,A_PARTLYSUBMITTED,2022-01-01 11:36:20.585144,2022-01-01 20:51:46.551853,2022-01-01 22:25:10.009479,Role 1,E,15,35,35,1,"[1.0, 0.0, 0.0]",1.0,13,['A_SUBMITTED'],{'AMOUNT': 47941},{'bank_branch': 'Utrecht'}
15,A_SUBMITTED,2022-01-01 11:49:20.013842,2022-01-01 21:21:09.081940,2022-01-01 22:35:11.119047,Role 1,D,16,35,35,1,"[1.0, 0.0, 0.0]",1.0,13,[],{'AMOUNT': 65063},{'bank_branch': 'Utrecht'}
16,A_SUBMITTED,2022-01-01 11:50:41.156846,2022-01-01 22:25:10.009479,2022-01-01 23:51:30.066935,Role 1,E,17,35,35,2,"[1.0, 0.0, 0.0]",1.0,14,[],{'AMOUNT': 86921},{'bank_branch': 'Utrecht'}
17,A_SUBMITTED,2022-01-01 11:55:27.152202,2022-01-01 22:35:11.119047,2022-01-02 00:20:49.356789,Role 1,D,18,35,35,2,"[1.0, 0.0, 0.0]",1.0,15,[],{'AMOUNT': 13229},{'bank_branch': 'Utrecht'}
18,A_SUBMITTED,2022-01-01 11:59:16.495210,2022-01-02 00:00:00.066935,2022-01-02 01:16:45.701878,Role 1,E,19,35,35,2,"[1.0, 1.0, 0.0]",1.0,16,[],{'AMOUNT': 81828},{'bank_branch': 'Utrecht'}
0,W_Assess_fraud,2022-01-01 22:25:10.009479,2022-01-02 00:00:00.772662,2022-01-02 01:22:35.311682,Role 2,A,35,35,35,1,"[1.0, 1.0, 0.0]",1.0,0,"['A_SUBMITTED', 'A_PARTLYSUBMITTED']",{'AMOUNT': 78801},{'bank_branch': 'Utrecht'}
19,A_SUBMITTED,2022-01-01 12:01:00.260894,2022-01-02 00:20:49.356789,2022-01-02 02:19:06.881146,Role 1,D,20,35,35,2,"[1.0, 1.0, 0.0]",1.0,17,[],{'AMOUNT': 59687},{'bank_branch': 'Utrecht'}
1,A_PARTLYSUBMITTED,2022-01-01 12:01:56.322125,2022-01-02 01:16:45.701878,2022-01-02 03:13:21.493318,Role 1,E,20,35,35,1,"[1.0, 1.0, 0.0]",1.0,18,['A_SUBMITTED'],{'AMOUNT': 80839},{'bank_branch': 'Utrecht'}
0,W_Fix_incomplete_submission,2022-01-01 22:25:10.009479,2022-01-02 01:22:35.311682,2022-01-02 03:16:38.234011,Role 2,A,35,35,35,1,"[1.0, 1.0, 0.0]",1.0,0,"['A_SUBMITTED', 'A_PARTLYSUBMITTED', 'W_Assess_fraud']",{'AMOUNT': 80208},{'bank_branch': 'Utrecht'}
20,A_SUBMITTED,2022-01-01 12:13:44.643876,2022-01-02 02:19:06.881146,2022-01-02 03:38:32.748833,Role 1,D,21,35,35,1,"[1.0, 1.0, 0.0]",1.0,18,[],{'AMOUNT': 74787},{'bank_branch': 'Utrecht'}
21,A_SUBMITTED,2022-01-01 12:25:51.472377,2022-01-02 03:13:21.493318,2022-01-02 04:38:21.164231,Role 1,E,22,35,35,2,"[1.0, 1.0, 0.0]",1.0,19,[],{'AMOUNT': 96559},{'bank_branch': 'Utrecht'}
22,A_SUBMITTED,2022-01-01 12:27:12.291320,2022-01-02 03:38:32.748833,2022-01-02 05:04:08.649931,Role 1,D,23,35,35,2,"[1.0, 0.0, 0.0]",1.0,20,[],{'AMOUNT': 82531},{'bank_branch': 'Utrecht'}
1,W_Assess_fraud,2022-01-02 03:13:21.493318,2022-01-02 04:25:03.526015,2022-01-02 05:39:50.248064,Role 2,A,35,35,35,1,"[1.0, 1.0, 0.0]",1.0,0,"['A_SUBMITTED', 'A_PARTLYSUBMITTED']",{'AMOUNT': 60060},{'bank_branch': 'Utrecht'}
24,A_SUBMITTED,2022-01-01 12:37:17.000596,2022-01-02 05:04:08.649931,2022-01-02 06:12:16.564207,Role 1,D,25,35,35,2,"[1.0, 1.0, 0.0]",1.0,22,[],{'AMOUNT': 89557},{'bank_branch': 'Utrecht'}
23,A_SUBMITTED,2022-01-01 12:30:42.691235,2022-01-02 04:38:21.164231,2022-01-02 06:30:14.401416,Role 1,E,24,35,35,2,"[1.0, 1.0, 0.0]",1.0,21,[],{'AMOUNT': 1907},{'bank_branch': 'Utrecht'}
1,W_Fix_incomplete_submission,2022-01-02 03:13:21.493318,2022-01-02 05:39:50.248064,2022-01-02 07:24:12.180466,Role 2,A,35,35,35,1,"[1.0, 1.0, 0.0]",1.0,0,"['A_SUBMITTED', 'A_PARTLYSUBMITTED', 'W_Assess_fraud']",{'AMOUNT': 33450},{'bank_branch': 'Utrecht'}
25,A_SUBMITTED,2022-01-01 12:45:33.340647,2022-01-02 06:12:16.564207,2022-01-02 07:42:31.348554,Role 1,D,26,35,35,2,"[1.0, 1.0, 0.0]",1.0,23,[],{'AMOUNT': 15796},{'bank_branch': 'Utrecht'}
26,A_SUBMITTED,2022-01-01 12:46:55.733313,2022-01-02 06:30:14.401416,2022-01-02 08:00:51.016434,Role 1,E,27,35,35,2,"[1.0, 1.0, 0.0]",1.0,24,[],{'AMOUNT': 10296},{'bank_branch': 'Utrecht'}
1,A_CANCELLED,2022-01-02 05:39:50.248064,2022-01-02 07:30:29.921498,2022-01-02 08:59:14.204422,Role 3,C,35,35,35,1,"[1.0, 0.0, 1.0]",1.0,0,"['A_SUBMITTED', 'A_PARTLYSUBMITTED', 'W_Assess_fraud', 'W_Fix_incomplete_submission']",{'AMOUNT': 60060},{'bank_branch': 'Utrecht'}
27,A_SUBMITTED,2022-01-01 12:48:50.059457,2022-01-02 07:42:31.348554,2022-01-02 09:28:53.391096,Role 1,D,28,35,34,2,"[1.0, 0.0, 1.0]",1.0,25,[],{'AMOUNT': 87910},{'bank_branch': 'Utrecht'}
28,A_SUBMITTED,2022-01-01 12:51:08.841296,2022-01-02 08:00:51.016434,2022-01-02 09:37:58.262439,Role 1,E,29,35,34,2,"[1.0, 0.0, 1.0]",1.0,26,[],{'AMOUNT': 24594},{'bank_branch': 'Utrecht'}
29,A_SUBMITTED,2022-01-01 12:51:28.205914,2022-01-02 09:28:53.391096,2022-01-02 10:59:10.684389,Role 1,D,30,34,34,2,"[1.0, 0.0, 0.0]",1.0,27,[],{'AMOUNT': 57677},{'bank_branch': 'Utrecht'}
2,A_PARTLYSUBMITTED,2022-01-01 13:01:13.649096,2022-01-02 09:37:58.262439,2022-01-02 11:04:35.443434,Role 1,E,30,34,34,1,"[1.0, 0.0, 0.0]",1.0,28,['A_SUBMITTED'],{'AMOUNT': 69881},{'bank_branch': 'Utrecht'}
31,A_SUBMITTED,2022-01-01 13:10:45.202738,2022-01-02 11:04:35.443434,2022-01-02 12:24:41.435220,Role 1,E,32,34,34,2,"[1.0, 0.0, 0.0]",1.0,29,[],{'AMOUNT': 71323},{'bank_branch': 'Utrecht'}
30,A_SUBMITTED,2022-01-01 13:02:42.557301,2022-01-02 10:59:10.684389,2022-01-02 12:58:08.649152,Role 1,D,31,34,34,1,"[1.0, 0.0, 0.0]",1.0,28,[],{'AMOUNT': 29029},{'bank_branch': 'Utrecht'}
32,A_SUBMITTED,2022-01-01 13:11:13.893472,2022-01-02 12:24:41.435220,2022-01-02 13:38:02.630885,Role 1,E,33,34,34,2,"[1.0, 0.0, 0.0]",1.0,30,[],{'AMOUNT': 29303},{'bank_branch': 'Utrecht'}
2,W_Assess_fraud,2022-01-02 11:04:35.443434,2022-01-02 12:33:17.174845,2022-01-02 13:50:04.546061,Role 2,A,34,34,34,1,"[1.0, 1.0, 0.0]",1.0,0,"['A_SUBMITTED', 'A_PARTLYSUBMITTED']",{'AMOUNT': 78700},{'bank_branch': 'Utrecht'}
33,A_SUBMITTED,2022-01-01 13:13:52.266804,2022-01-02 12:58:08.649152,2022-01-02 14:27:01.434427,Role 1,D,34,34,34,2,"[1.0, 1.0, 0.0]",1.0,31,[],{'AMOUNT': 78046},{'bank_branch': 'Utrecht'}
34,A_SUBMITTED,2022-01-01 13:21:15.244190,2022-01-02 13:38:02.630885,2022-01-02 14:56:43.001033,Role 1,E,35,34,34,2,"[1.0, 1.0, 0.0]",1.0,32,[],{'AMOUNT': 88370},{'bank_branch': 'Utrecht'}
3,A_PARTLYSUBMITTED,2022-01-01 13:28:02.708881,2022-01-02 14:27:01.434427,2022-01-02 15:43:30.042542,Role 1,D,35,34,34,1,"[1.0, 1.0, 0.0]",1.0,33,['A_SUBMITTED'],{'AMOUNT': 58626},{'bank_branch': 'Utrecht'}
2,W_Fix_incomplete_submission,2022-01-02 11:04:35.443434,2022-01-02 13:50:04.546061,2022-01-02 15:44:33.033259,Role 2,A,34,34,34,1,"[1.0, 1.0, 0.0]",1.0,0,"['A_SUBMITTED', 'A_PARTLYSUBMITTED', 'W_Assess_fraud']",{'AMOUNT': 51130},{'bank_branch': 'Utrecht'}
4,A_PARTLYSUBMITTED,2022-01-01 14:24:21.241350,2022-01-02 14:56:43.001033,2022-01-02 15:57:40.087002,Role 1,E,35,34,34,2,"[1.0, 1.0, 0.0]",1.0,33,['A_SUBMITTED'],{'AMOUNT': 12833},{'bank_branch': 'Utrecht'}
5,A_PARTLYSUBMITTED,2022-01-01 14:33:06.936790,2022-01-02 15:43:30.042542,2022-01-02 17:07:45.171568,Role 1,D,35,34,34,2,"[1.0, 1.0, 0.0]",1.0,33,['A_SUBMITTED'],{'AMOUNT': 70791},{'bank_branch': 'Utrecht'}
6,A_PARTLYSUBMITTED,2022-01-01 15:43:18.060977,2022-01-02 15:57:40.087002,2022-01-02 17:46:47.460250,Role 1,E,35,34,34,2,"[1.0, 0.0, 0.0]",1.0,33,['A_SUBMITTED'],{'AMOUNT': 79844},{'bank_branch': 'Utrecht'}
3,W_Fix_incomplete_submission,2022-01-02 15:43:30.042542,2022-01-02 17:10:44.758988,2022-01-02 19:01:20.270878,Role 2,A,34,34,34,1,"[1.0, 1.0, 0.0]",1.0,0,"['A_SUBMITTED', 'A_PARTLYSUBMITTED']",{'AMOUNT': 22566},{'bank_branch': 'Utrecht'}
8,A_PARTLYSUBMITTED,2022-01-01 16:49:35.971374,2022-01-02 17:46:47.460250,2022-01-02 19:06:58.502098,Role 1,E,35,34,34,2,"[1.0, 1.0, 0.0]",1.0,33,['A_SUBMITTED'],{'AMOUNT': 94731},{'bank_branch': 'Utrecht'}
7,A_PARTLYSUBMITTED,2022-01-01 16:07:22.364995,2022-01-02 17:07:45.171568,2022-01-02 19:07:08.832910,Role 1,D,35,34,34,2,"[1.0, 0.0, 0.0]",1.0,33,['A_SUBMITTED'],{'AMOUNT': 30948},{'bank_branch': 'Utrecht'}
9,A_PARTLYSUBMITTED,2022-01-01 17:54:17.724090,2022-01-02 19:06:58.502098,2022-01-02 20:14:26.658280,Role 1,E,35,34,34,2,"[1.0, 1.0, 0.0]",1.0,33,['A_SUBMITTED'],{'AMOUNT': 88024},{'bank_branch': 'Utrecht'}
3,W_Assess_fraud,2022-01-02 15:43:30.042542,2022-01-02 19:01:20.270878,2022-01-02 20:32:44.884245,Role 2,A,34,34,34,1,"[1.0, 1.0, 0.0]",1.0,0,"['A_SUBMITTED', 'A_PARTLYSUBMITTED', 'W_Fix_incomplete_submission']",{'AMOUNT': 23507},{'bank_branch': 'Utrecht'}
10,A_PARTLYSUBMITTED,2022-01-01 18:07:09.112996,2022-01-02 19:07:08.832910,2022-01-02 20:53:38.230698,Role 1,D,35,34,34,2,"[1.0, 1.0, 0.0]",1.0,33,['A_SUBMITTED'],{'AMOUNT': 17194},{'bank_branch': 'Utrecht'}
4,W_Fix_incomplete_submission,2022-01-02 15:57:40.087002,2022-01-02 20:32:44.884245,2022-01-02 21:42:06.979703,Role 2,A,34,34,34,1,"[1.0, 1.0, 0.0]",1.0,0,"['A_SUBMITTED', 'A_PARTLYSUBMITTED']",{'AMOUNT': 65644},{'bank_branch': 'Utrecht'}
12,A_PARTLYSUBMITTED,2022-01-01 19:45:44.610161,2022-01-02 20:14:26.658280,2022-01-02 22:09:21.454030,Role 1,E,35,34,34,2,"[1.0, 1.0, 0.0]",1.0,33,['A_SUBMITTED'],{'AMOUNT': 77730},{'bank_branch': 'Utrecht'}
11,A_PARTLYSUBMITTED,2022-01-01 19:45:57.872033,2022-01-02 20:53:38.230698,2022-01-02 22:36:15.923711,Role 1,D,35,34,34,2,"[1.0, 1.0, 0.0]",1.0,33,['A_SUBMITTED'],{'AMOUNT': 43202},{'bank_branch': 'Utrecht'}
4,W_Assess_fraud,2022-01-02 15:57:40.087002,2022-01-02 21:42:06.979703,2022-01-02 23:24:32.795812,Role 2,A,34,34,34,1,"[1.0, 1.0, 0.0]",1.0,0,"['A_SUBMITTED', 'A_PARTLYSUBMITTED', 'W_Fix_incomplete_submission']",{'AMOUNT': 43450},{'bank_branch': 'Utrecht'}
13,A_PARTLYSUBMITTED,2022-01-01 20:51:46.551853,2022-01-02 22:09:21.454030,2022-01-02 23:42:13.908789,Role 1,E,35,34,34,2,"[1.0, 1.0, 0.0]",1.0,33,['A_SUBMITTED'],{'AMOUNT': 19934},{'bank_branch': 'Utrecht'}
14,A_PARTLYSUBMITTED,2022-01-01 21:21:09.081940,2022-01-02 22:36:15.923711,2022-01-02 23:45:17.796430,Role 1,D,35,34,34,2,"[1.0, 1.0, 0.0]",1.0,33,['A_SUBMITTED'],{'AMOUNT': 61991},{'bank_branch': 'Utrecht'}
5,W_Fix_incomplete_submission,2022-01-02 17:07:45.171568,2022-01-03 00:00:00.795812,2022-01-03 01:12:01.465751,Role 2,A,34,34,34,1,"[1.0, 1.0, 0.0]",1.0,0,"['A_SUBMITTED', 'A_PARTLYSUBMITTED']",{'AMOUNT': 35515},{'bank_branch': 'Utrecht'}
15,A_PARTLYSUBMITTED,2022-01-01 22:35:11.119047,2022-01-03 00:00:00.908789,2022-01-03 01:23:09.568083,Role 1,E,35,34,34,2,"[1.0, 1.0, 0.0]",1.0,32,['A_SUBMITTED'],{'AMOUNT': 65063},{'bank_branch': 'Utrecht'}
16,A_PARTLYSUBMITTED,2022-01-01 23:51:30.066935,2022-01-03 00:00:00.796430,2022-01-03 01:31:09.357217,Role 1,D,35,34,34,2,"[1.0, 1.0, 0.0]",1.0,32,['A_SUBMITTED'],{'AMOUNT': 86921},{'bank_branch': 'Utrecht'}
18,A_PARTLYSUBMITTED,2022-01-02 01:16:45.701878,2022-01-03 01:31:09.357217,2022-01-03 02:57:05.299731,Role 1,D,35,34,34,2,"[1.0, 1.0, 0.0]",1.0,32,['A_SUBMITTED'],{'AMOUNT': 81828},{'bank_branch': 'Utrecht'}
5,W_Assess_fraud,2022-01-02 17:07:45.171568,2022-01-03 01:12:01.465751,2022-01-03 02:57:31.963526,Role 2,A,34,34,34,1,"[1.0, 1.0, 0.0]",1.0,0,"['A_SUBMITTED', 'A_PARTLYSUBMITTED', 'W_Fix_incomplete_submission']",{'AMOUNT': 29315},{'bank_branch': 'Utrecht'}
17,A_PARTLYSUBMITTED,2022-01-02 00:20:49.356789,2022-01-03 01:23:09.568083,2022-01-03 03:14:20.817802,Role 1,E,35,34,34,2,"[1.0, 1.0, 0.0]",1.0,32,['A_SUBMITTED'],{'AMOUNT': 13229},{'bank_branch': 'Utrecht'}
19,A_PARTLYSUBMITTED,2022-01-02 02:19:06.881146,2022-01-03 02:57:05.299731,2022-01-03 04:22:55.210923,Role 1,D,35,34,34,2,"[1.0, 1.0, 0.0]",1.0,32,['A_SUBMITTED'],{'AMOUNT': 59687},{'bank_branch': 'Utrecht'}
6,W_Assess_fraud,2022-01-02 17:46:47.460250,2022-01-03 02:57:31.963526,2022-01-03 04:39:01.617607,Role 2,A,34,34,34,1,"[1.0, 1.0, 0.0]",1.0,3,"['A_SUBMITTED', 'A_PARTLYSUBMITTED']",{'AMOUNT': 70087},{'bank_branch': 'Utrecht'}
0,A_PREACCEPTED,2022-01-02 01:22:35.311682,2022-01-03 03:14:20.817802,2022-01-03 05:11:40.539029,Role 1,E,35,34,34,1,"[1.0, 1.0, 0.0]",1.0,32,"['A_SUBMITTED', 'A_PARTLYSUBMITTED', 'W_Assess_fraud', 'W_Fix_incomplete_submission']",{'AMOUNT': 78801},{'bank_branch': 'Utrecht'}
6,W_Fix_incomplete_submission,2022-01-02 17:46:47.460250,2022-01-03 04:39:01.617607,2022-01-03 05:47:50.727604,Role 2,A,34,34,34,1,"[1.0, 1.0, 1.0]",1.0,3,"['A_SUBMITTED', 'A_PARTLYSUBMITTED', 'W_Assess_fraud']",{'AMOUNT': 40082},{'bank_branch': 'Utrecht'}
20,A_PARTLYSUBMITTED,2022-01-02 03:38:32.748833,2022-01-03 04:22:55.210923,2022-01-03 06:06:05.069349,Role 1,D,35,34,34,1,"[1.0, 1.0, 0.0]",1.0,32,['A_SUBMITTED'],{'AMOUNT': 74787},{'bank_branch': 'Utrecht'}
21,A_PARTLYSUBMITTED,2022-01-02 04:38:21.164231,2022-01-03 05:11:40.539029,2022-01-03 06:11:59.880423,Role 1,E,35,34,34,2,"[1.0, 1.0, 1.0]",1.0,32,['A_SUBMITTED'],{'AMOUNT': 96559},{'bank_branch': 'Utrecht'}
5,A_CANCELLED,2022-01-03 02:57:31.963526,2022-01-03 04:37:02.450361,2022-01-03 06:29:03.693218,Role 3,C,34,34,34,1,"[1.0, 1.0, 1.0]",1.0,0,"['A_SUBMITTED', 'A_PARTLYSUBMITTED', 'W_Fix_incomplete_submission', 'W_Assess_fraud']",{'AMOUNT': 29315},{'bank_branch': 'Eindhoven'}
7,W_Assess_fraud,2022-01-02 19:07:08.832910,2022-01-03 05:47:50.727604,2022-01-03 07:18:39.278858,Role 2,A,34,34,33,1,"[1.0, 1.0, 1.0]",1.0,5,"['A_SUBMITTED', 'A_PARTLYSUBMITTED']",{'AMOUNT': 79830},{'bank_branch': 'Utrecht'}
22,A_PARTLYSUBMITTED,2022-01-02 05:04:08.649931,2022-01-03 06:06:05.069349,2022-01-03 07:33:22.891283,Role 1,D,35,34,33,2,"[1.0, 1.0, 1.0]",1.0,32,['A_SUBMITTED'],{'AMOUNT': 82531},{'bank_branch': 'Utrecht'}
24,A_PARTLYSUBMITTED,2022-01-02 06:12:16.564207,2022-01-03 06:11:59.880423,2022-01-03 07:57:50.234594,Role 1,E,35,34,33,2,"[1.0, 1.0, 1.0]",1.0,32,['A_SUBMITTED'],{'AMOUNT': 89557},{'bank_branch': 'Utrecht'}
23,A_PARTLYSUBMITTED,2022-01-02 06:30:14.401416,2022-01-03 07:33:22.891283,2022-01-03 08:39:37.510291,Role 1,D,35,33,33,2,"[1.0, 1.0, 0.0]",1.0,32,['A_SUBMITTED'],{'AMOUNT': 1907},{'bank_branch': 'Utrecht'}
7,W_Fix_incomplete_submission,2022-01-02 19:07:08.832910,2022-01-03 07:18:39.278858,2022-01-03 09:10:42.207950,Role 2,A,34,33,33,1,"[1.0, 1.0, 0.0]",1.0,5,"['A_SUBMITTED', 'A_PARTLYSUBMITTED', 'W_Assess_fraud']",{'AMOUNT': 6712},{'bank_branch': 'Utrecht'}
25,A_PARTLYSUBMITTED,2022-01-02 07:42:31.348554,2022-01-03 07:57:50.234594,2022-01-03 09:23:47.907064,Role 1,E,35,33,33,2,"[1.0, 1.0, 0.0]",1.0,32,['A_SUBMITTED'],{'AMOUNT': 15796},{'bank_branch': 'Utrecht'}
26,A_PARTLYSUBMITTED,2022-01-02 08:00:51.016434,2022-01-03 08:39:37.510291,2022-01-03 10:19:58.793079,Role 1,D,35,33,33,2,"[1.0, 1.0, 0.0]",1.0,32,['A_SUBMITTED'],{'AMOUNT': 10296},{'bank_branch': 'Utrecht'}
8,W_Assess_fraud,2022-01-02 19:06:58.502098,2022-01-03 09:10:42.207950,2022-01-03 10:42:38.784926,Role 2,A,34,33,33,1,"[1.0, 1.0, 0.0]",1.0,5,"['A_SUBMITTED', 'A_PARTLYSUBMITTED']",{'AMOUNT': 27957},{'bank_branch': 'Utrecht'}
27,A_PARTLYSUBMITTED,2022-01-02 09:28:53.391096,2022-01-03 09:23:47.907064,2022-01-03 10:45:42.207533,Role 1,E,34,33,33,2,"[1.0, 1.0, 0.0]",1.0,32,['A_SUBMITTED'],{'AMOUNT': 87910},{'bank_branch': 'Utrecht'}
28,A_PARTLYSUBMITTED,2022-01-02 09:37:58.262439,2022-01-03 10:19:58.793079,2022-01-03 11:56:22.469232,Role 1,D,34,33,33,2,"[1.0, 1.0, 0.0]",1.0,32,['A_SUBMITTED'],{'AMOUNT': 24594},{'bank_branch': 'Utrecht'}
29,A_PARTLYSUBMITTED,2022-01-02 10:59:10.684389,2022-01-03 10:45:42.207533,2022-01-03 12:03:47.098185,Role 1,E,34,33,33,2,"[1.0, 1.0, 0.0]",1.0,32,['A_SUBMITTED'],{'AMOUNT': 57677},{'bank_branch': 'Utrecht'}
8,W_Fix_incomplete_submission,2022-01-02 19:06:58.502098,2022-01-03 10:42:38.784926,2022-01-03 12:21:01.486094,Role 2,A,34,33,33,1,"[1.0, 1.0, 0.0]",1.0,5,"['A_SUBMITTED', 'A_PARTLYSUBMITTED', 'W_Assess_fraud']",{'AMOUNT': 71107},{'bank_branch': 'Utrecht'}
31,A_PARTLYSUBMITTED,2022-01-02 12:24:41.435220,2022-01-03 11:56:22.469232,2022-01-03 13:22:19.830678,Role 1,D,34,33,33,2,"[1.0, 1.0, 0.0]",1.0,31,['A_SUBMITTED'],{'AMOUNT': 71323},{'bank_branch': 'Utrecht'}
9,W_Fix_incomplete_submission,2022-01-02 20:14:26.658280,2022-01-03 12:21:01.486094,2022-01-03 13:35:41.283094,Role 2,A,34,33,33,1,"[1.0, 1.0, 0.0]",1.0,6,"['A_SUBMITTED', 'A_PARTLYSUBMITTED']",{'AMOUNT': 85482},{'bank_branch': 'Utrecht'}
30,A_PARTLYSUBMITTED,2022-01-02 12:58:08.649152,2022-01-03 12:03:47.098185,2022-01-03 13:57:32.632016,Role 1,E,34,33,33,2,"[1.0, 1.0, 0.0]",1.0,31,['A_SUBMITTED'],{'AMOUNT': 29029},{'bank_branch': 'Utrecht'}
32,A_PARTLYSUBMITTED,2022-01-02 13:38:02.630885,2022-01-03 13:22:19.830678,2022-01-03 14:23:10.573258,Role 1,D,34,33,33,2,"[1.0, 1.0, 0.0]",1.0,31,['A_SUBMITTED'],{'AMOUNT': 29303},{'bank_branch': 'Utrecht'}
9,W_Assess_fraud,2022-01-02 20:14:26.658280,2022-01-03 13:35:41.283094,2022-01-03 14:50:24.968275,Role 2,A,34,33,33,1,"[1.0, 1.0, 0.0]",1.0,6,"['A_SUBMITTED', 'A_PARTLYSUBMITTED', 'W_Fix_incomplete_submission']",{'AMOUNT': 21592},{'bank_branch': 'Utrecht'}
33,A_PARTLYSUBMITTED,2022-01-02 14:27:01.434427,2022-01-03 13:57:32.632016,2022-01-03 15:07:10.126842,Role 1,E,34,33,33,2,"[1.0, 1.0, 0.0]",1.0,31,['A_SUBMITTED'],{'AMOUNT': 78046},{'bank_branch': 'Utrecht'}
34,A_PARTLYSUBMITTED,2022-01-02 14:56:43.001033,2022-01-03 14:23:10.573258,2022-01-03 15:23:26.360916,Role 1,D,34,33,33,2,"[1.0, 1.0, 0.0]",1.0,31,['A_SUBMITTED'],{'AMOUNT': 88370},{'bank_branch': 'Utrecht'}
2,A_PREACCEPTED,2022-01-02 13:50:04.546061,2022-01-03 15:07:10.126842,2022-01-03 16:10:05.518357,Role 1,E,34,33,33,1,"[1.0, 1.0, 0.0]",1.0,31,"['A_SUBMITTED', 'A_PARTLYSUBMITTED', 'W_Assess_fraud', 'W_Fix_incomplete_submission']",{'AMOUNT': 78700},{'bank_branch': 'Utrecht'}
3,O_DECLINED,2022-01-02 20:32:44.884245,2022-01-03 15:23:26.360916,2022-01-03 16:27:26.815376,Role 1,D,34,33,33,1,"[1.0, 1.0, 0.0]",1.0,25,"['A_SUBMITTED', 'A_PARTLYSUBMITTED', 'W_Fix_incomplete_submission', 'W_Assess_fraud']",{'AMOUNT': 23507},{'bank_branch': 'Utrecht'}
10,W_Fix_incomplete_submission,2022-01-02 20:53:38.230698,2022-01-03 14:50:24.968275,2022-01-03 16:35:30.125105,Role 2,A,34,33,32,1,"[1.0, 1.0, 0.0]",1.0,8,"['A_SUBMITTED', 'A_PARTLYSUBMITTED']",{'AMOUNT': 29054},{'bank_branch': 'Utrecht'}
9,A_CANCELLED,2022-01-03 14:50:24.968275,2022-01-03 16:00:43.201994,2022-01-03 17:31:35.944447,Role 3,C,33,33,32,1,"[1.0, 1.0, 1.0]",1.0,0,"['A_SUBMITTED', 'A_PARTLYSUBMITTED', 'W_Fix_incomplete_submission', 'W_Assess_fraud']",{'AMOUNT': 21592},{'bank_branch': 'Eindhoven'}
6,A_PREACCEPTED,2022-01-03 04:39:01.617607,2022-01-03 16:27:26.815376,2022-01-03 17:46:49.532988,Role 1,D,34,32,31,1,"[1.0, 1.0, 1.0]",1.0,17,"['A_SUBMITTED', 'A_PARTLYSUBMITTED', 'W_Assess_fraud', 'W_Fix_incomplete_submission']",{'AMOUNT': 70087},{'bank_branch': 'Eindhoven'}
10,W_Assess_fraud,2022-01-02 20:53:38.230698,2022-01-03 16:35:30.125105,2022-01-03 17:55:41.348760,Role 2,A,34,32,31,1,"[1.0, 1.0, 1.0]",1.0,8,"['A_SUBMITTED', 'A_PARTLYSUBMITTED', 'W_Fix_incomplete_submission']",{'AMOUNT': 52195},{'bank_branch': 'Utrecht'}
4,O_DECLINED,2022-01-02 23:24:32.795812,2022-01-03 16:10:05.518357,2022-01-03 18:09:29.400168,Role 1,E,34,33,31,2,"[1.0, 1.0, 1.0]",1.0,23,"['A_SUBMITTED', 'A_PARTLYSUBMITTED', 'W_Fix_incomplete_submission', 'W_Assess_fraud']",{'AMOUNT': 43450},{'bank_branch': 'Utrecht'}
11,W_Fix_incomplete_submission,2022-01-02 22:36:15.923711,2022-01-03 17:55:41.348760,2022-01-03 19:14:30.286135,Role 2,A,34,31,30,1,"[1.0, 1.0, 0.0]",1.0,12,"['A_SUBMITTED', 'A_PARTLYSUBMITTED']",{'AMOUNT': 92852},{'bank_branch': 'Utrecht'}
7,O_DECLINED,2022-01-03 07:18:39.278858,2022-01-03 17:46:49.532988,2022-01-03 19:19:35.960463,Role 1,D,33,31,30,2,"[1.0, 1.0, 0.0]",1.0,15,"['A_SUBMITTED', 'A_PARTLYSUBMITTED', 'W_Assess_fraud', 'W_Fix_incomplete_submission']",{'AMOUNT': 79830},{'bank_branch': 'Eindhoven'}
8,O_DECLINED,2022-01-03 10:42:38.784926,2022-01-03 18:09:29.400168,2022-01-03 19:40:55.533332,Role 1,E,33,30,29,2,"[1.0, 1.0, 0.0]",1.0,11,"['A_SUBMITTED', 'A_PARTLYSUBMITTED', 'W_Assess_fraud', 'W_Fix_incomplete_submission']",{'AMOUNT': 27957},{'bank_branch': 'Eindhoven'}
12,W_Assess_fraud,2022-01-02 22:09:21.454030,2022-01-03 19:14:30.286135,2022-01-03 20:45:55.534161,Role 2,A,34,30,28,1,"[1.0, 1.0, 0.0]",1.0,11,"['A_SUBMITTED', 'A_PARTLYSUBMITTED']",{'AMOUNT': 51781},{'bank_branch': 'Utrecht'}
10,A_CANCELLED,2022-01-03 17:55:41.348760,2022-01-03 19:37:25.777109,2022-01-03 21:18:07.946070,Role 3,C,31,29,28,1,"[0.5, 1.0, 1.0]",1.0,0,"['A_SUBMITTED', 'A_PARTLYSUBMITTED', 'W_Fix_incomplete_submission', 'W_Assess_fraud']",{'AMOUNT': 52195},{'bank_branch': 'Eindhoven'}
11,W_Assess_fraud,2022-01-02 22:36:15.923711,2022-01-03 20:45:55.534161,2022-01-03 22:29:11.708462,Role 2,A,34,28,27,1,"[0.0, 1.0, 1.0]",1.0,12,"['A_SUBMITTED', 'A_PARTLYSUBMITTED', 'W_Fix_incomplete_submission']",{'AMOUNT': 53695},{'bank_branch': 'Utrecht'}
12,W_Fix_incomplete_submission,2022-01-02 22:09:21.454030,2022-01-03 22:29:11.708462,2022-01-03 23:53:23.719055,Role 2,A,34,27,27,1,"[0.0, 1.0, 0.0]",1.0,11,"['A_SUBMITTED', 'A_PARTLYSUBMITTED', 'W_Assess_fraud']",{'AMOUNT': 93827},{'bank_branch': 'Utrecht'}
12,O_DECLINED,2022-01-03 20:45:55.534161,2022-01-03 22:45:24.164557,2022-01-04 00:17:34.724981,Role 1,D,28,27,27,1,"[0.5, 1.0, 0.0]",0.5,0,"['A_SUBMITTED', 'A_PARTLYSUBMITTED', 'W_Assess_fraud', 'W_Fix_incomplete_submission']",{'AMOUNT': 51781},{'bank_branch': 'Eindhoven'}
13,W_Fix_incomplete_submission,2022-01-02 23:42:13.908789,2022-01-04 00:00:00.719055,2022-01-04 01:08:51.660297,Role 2,A,34,27,26,1,"[0.5, 1.0, 0.0]",1.0,11,"['A_SUBMITTED', 'A_PARTLYSUBMITTED']",{'AMOUNT': 74174},{'bank_branch': 'Utrecht'}
11,A_PREACCEPTED,2022-01-03 22:29:11.708462,2022-01-04 00:15:54.275426,2022-01-04 01:44:19.551107,Role 1,E,27,27,26,1,"[1.0, 1.0, 0.0]",1.0,0,"['A_SUBMITTED', 'A_PARTLYSUBMITTED', 'W_Fix_incomplete_submission', 'W_Assess_fraud']",{'AMOUNT': 53695},{'bank_branch': 'Eindhoven'}
13,W_Assess_fraud,2022-01-02 23:42:13.908789,2022-01-04 01:08:51.660297,2022-01-04 02:42:45.896252,Role 2,A,34,26,26,1,"[0.5, 1.0, 0.0]",1.0,11,"['A_SUBMITTED', 'A_PARTLYSUBMITTED', 'W_Fix_incomplete_submission']",{'AMOUNT': 65445},{'bank_branch': 'Utrecht'}
14,W_Fix_incomplete_submission,2022-01-02 23:45:17.796430,2022-01-04 02:42:45.896252,2022-01-04 03:46:26.005849,Role 2,A,34,26,26,1,"[0.0, 1.0, 0.0]",1.0,11,"['A_SUBMITTED', 'A_PARTLYSUBMITTED']",{'AMOUNT': 77019},{'bank_branch': 'Utrecht'}
14,W_Assess_fraud,2022-01-02 23:45:17.796430,2022-01-04 03:46:26.005849,2022-01-04 05:05:33.264748,Role 2,A,34,26,26,1,"[0.5, 1.0, 0.0]",1.0,11,"['A_SUBMITTED', 'A_PARTLYSUBMITTED', 'W_Fix_incomplete_submission']",{'AMOUNT': 34639},{'bank_branch': 'Utrecht'}
13,O_DECLINED,2022-01-04 02:42:45.896252,2022-01-04 03:45:53.202598,2022-01-04 05:20:39.929668,Role 1,D,26,26,26,1,"[0.5, 1.0, 0.0]",0.5,0,"['A_SUBMITTED', 'A_PARTLYSUBMITTED', 'W_Fix_incomplete_submission', 'W_Assess_fraud']",{'AMOUNT': 65445},{'bank_branch': 'Eindhoven'}
16,W_Fix_incomplete_submission,2022-01-03 01:31:09.357217,2022-01-04 05:05:33.264748,2022-01-04 06:26:26.380495,Role 2,A,34,26,25,1,"[0.5, 1.0, 0.0]",1.0,17,"['A_SUBMITTED', 'A_PARTLYSUBMITTED']",{'AMOUNT': 84177},{'bank_branch': 'Eindhoven'}
14,O_DECLINED,2022-01-04 05:05:33.264748,2022-01-04 06:58:18.614215,2022-01-04 08:14:26.033863,Role 1,E,26,25,25,1,"[0.5, 1.0, 0.0]",0.5,0,"['A_SUBMITTED', 'A_PARTLYSUBMITTED', 'W_Fix_incomplete_submission', 'W_Assess_fraud']",{'AMOUNT': 34639},{'bank_branch': 'Eindhoven'}
16,W_Assess_fraud,2022-01-03 01:31:09.357217,2022-01-04 06:26:26.380495,2022-01-04 08:22:15.832915,Role 2,A,34,25,24,1,"[0.0, 1.0, 0.0]",1.0,17,"['A_SUBMITTED', 'A_PARTLYSUBMITTED', 'W_Fix_incomplete_submission']",{'AMOUNT': 137},{'bank_branch': 'Eindhoven'}
15,W_Assess_fraud,2022-01-03 01:23:09.568083,2022-01-04 08:22:15.832915,2022-01-04 09:46:05.165334,Role 2,A,34,24,24,1,"[0.0, 1.0, 0.0]",1.0,17,"['A_SUBMITTED', 'A_PARTLYSUBMITTED']",{'AMOUNT': 74543},{'bank_branch': 'Eindhoven'}
16,A_PREACCEPTED,2022-01-04 08:22:15.832915,2022-01-04 09:53:30.247800,2022-01-04 11:16:00.480942,Role 1,D,24,24,24,1,"[0.5, 1.0, 0.0]",0.5,0,"['A_SUBMITTED', 'A_PARTLYSUBMITTED', 'W_Fix_incomplete_submission', 'W_Assess_fraud']",{'AMOUNT': 137},{'bank_branch': 'Eindhoven'}
15,W_Fix_incomplete_submission,2022-01-03 01:23:09.568083,2022-01-04 09:46:05.165334,2022-01-04 11:38:37.673863,Role 2,A,34,24,24,1,"[0.0, 1.0, 0.0]",1.0,17,"['A_SUBMITTED', 'A_PARTLYSUBMITTED', 'W_Assess_fraud']",{'AMOUNT': 55195},{'bank_branch': 'Eindhoven'}
17,W_Assess_fraud,2022-01-03 03:14:20.817802,2022-01-04 11:38:37.673863,2022-01-04 12:44:24.099809,Role 2,A,34,24,24,1,"[0.5, 1.0, 0.0]",1.0,20,"['A_SUBMITTED', 'A_PARTLYSUBMITTED']",{'AMOUNT': 55638},{'bank_branch': 'Eindhoven'}
15,O_DECLINED,2022-01-04 09:46:05.165334,2022-01-04 11:26:22.340028,2022-01-04 12:46:21.752111,Role 1,E,24,24,24,1,"[0.5, 1.0, 0.0]",0.5,0,"['A_SUBMITTED', 'A_PARTLYSUBMITTED', 'W_Assess_fraud', 'W_Fix_incomplete_submission']",{'AMOUNT': 74543},{'bank_branch': 'Eindhoven'}
18,W_Assess_fraud,2022-01-03 02:57:05.299731,2022-01-04 12:44:24.099809,2022-01-04 13:52:40.912875,Role 2,A,34,24,23,1,"[0.5, 1.0, 0.0]",1.0,19,"['A_SUBMITTED', 'A_PARTLYSUBMITTED']",{'AMOUNT': 79032},{'bank_branch': 'Eindhoven'}
18,W_Fix_incomplete_submission,2022-01-03 02:57:05.299731,2022-01-04 13:52:40.912875,2022-01-04 15:24:27.031883,Role 2,A,34,23,23,1,"[0.0, 1.0, 0.0]",1.0,19,"['A_SUBMITTED', 'A_PARTLYSUBMITTED', 'W_Assess_fraud']",{'AMOUNT': 42166},{'bank_branch': 'Eindhoven'}
17,O_DECLINED,2022-01-04 12:44:24.099809,2022-01-04 14:18:18.455403,2022-01-04 16:13:07.406298,Role 1,D,24,23,23,1,"[0.5, 1.0, 0.0]",0.5,0,"['A_SUBMITTED', 'A_PARTLYSUBMITTED', 'W_Assess_fraud']",{'AMOUNT': 55638},{'bank_branch': 'Eindhoven'}
17,W_Fix_incomplete_submission,2022-01-03 03:14:20.817802,2022-01-04 15:24:27.031883,2022-01-04 17:18:18.479125,Role 2,A,34,23,23,1,"[0.5, 1.0, 0.0]",1.0,20,"['A_SUBMITTED', 'A_PARTLYSUBMITTED', 'W_Assess_fraud', 'O_DECLINED']",{'AMOUNT': 76385},{'bank_branch': 'Eindhoven'}
18,A_PREACCEPTED,2022-01-04 13:52:40.912875,2022-01-04 15:36:13.872492,2022-01-04 17:34:15.813840,Role 1,E,23,23,22,1,"[1.0, 1.0, 0.0]",1.0,0,"['A_SUBMITTED', 'A_PARTLYSUBMITTED', 'W_Assess_fraud', 'W_Fix_incomplete_submission']",{'AMOUNT': 79032},{'bank_branch': 'Eindhoven'}
19,W_Assess_fraud,2022-01-03 04:22:55.210923,2022-01-04 17:18:18.479125,2022-01-04 19:08:07.401703,Role 2,A,34,22,22,1,"[0.5, 1.0, 0.0]",1.0,21,"['A_SUBMITTED', 'A_PARTLYSUBMITTED']",{'AMOUNT': 34258},{'bank_branch': 'Eindhoven'}
19,W_Fix_incomplete_submission,2022-01-03 04:22:55.210923,2022-01-04 19:08:07.401703,2022-01-04 21:05:11.710646,Role 2,A,34,22,22,1,"[0.0, 1.0, 0.0]",1.0,21,"['A_SUBMITTED', 'A_PARTLYSUBMITTED', 'W_Assess_fraud']",{'AMOUNT': 6787},{'bank_branch': 'Eindhoven'}
0,W_Complete_preaccepted_appl,2022-01-03 05:11:40.539029,2022-01-04 21:05:11.710646,2022-01-04 21:28:25.710646,Role 2,A,34,22,22,1,"[0.5, 1.0, 0.0]",1.0,24,"['A_SUBMITTED', 'A_PARTLYSUBMITTED', 'W_Assess_fraud', 'W_Fix_incomplete_submission', 'A_PREACCEPTED']",{'AMOUNT': 78801},{'bank_branch': 'Eindhoven'}
19,O_DECLINED,2022-01-04 19:08:07.401703,2022-01-04 20:27:43.416357,2022-01-04 21:32:28.734568,Role 1,D,22,22,22,1,"[0.5, 1.0, 0.0]",0.5,0,"['A_SUBMITTED', 'A_PARTLYSUBMITTED', 'W_Assess_fraud', 'W_Fix_incomplete_submission']",{'AMOUNT': 34258},{'bank_branch': 'Eindhoven'}
20,W_Assess_fraud,2022-01-03 06:06:05.069349,2022-01-04 21:28:25.710646,2022-01-04 22:55:26.975198,Role 2,A,34,22,21,1,"[0.5, 1.0, 0.0]",1.0,24,"['A_SUBMITTED', 'A_PARTLYSUBMITTED']",{'AMOUNT': 4607},{'bank_branch': 'Eindhoven'}
21,W_Assess_fraud,2022-01-03 06:11:59.880423,2022-01-04 22:55:26.975198,2022-01-05 00:29:20.443293,Role 2,A,34,21,21,1,"[0.0, 1.0, 0.0]",1.0,24,"['A_SUBMITTED', 'A_PARTLYSUBMITTED']",{'AMOUNT': 47836},{'bank_branch': 'Eindhoven'}
20,W_Fix_incomplete_submission,2022-01-03 06:06:05.069349,2022-01-05 00:29:20.443293,2022-01-05 01:51:36.320301,Role 2,A,34,21,21,1,"[0.0, 1.0, 0.0]",1.0,24,"['A_SUBMITTED', 'A_PARTLYSUBMITTED', 'W_Assess_fraud']",{'AMOUNT': 76821},{'bank_branch': 'Eindhoven'}
20,A_CANCELLED,2022-01-04 22:55:26.975198,2022-01-05 00:45:13.233023,2022-01-05 02:08:16.235509,Role 3,C,21,21,21,1,"[0.0, 1.0, 1.0]",1.0,0,"['A_SUBMITTED', 'A_PARTLYSUBMITTED', 'W_Assess_fraud', 'W_Fix_incomplete_submission']",{'AMOUNT': 4607},{'bank_branch': 'Eindhoven'}
21,W_Fix_incomplete_submission,2022-01-03 06:11:59.880423,2022-01-05 01:51:36.320301,2022-01-05 03:04:07.716730,Role 2,A,34,21,20,1,"[0.0, 1.0, 1.0]",1.0,24,"['A_SUBMITTED', 'A_PARTLYSUBMITTED', 'W_Assess_fraud']",{'AMOUNT': 5808},{'bank_branch': 'Eindhoven'}
21,A_CANCELLED,2022-01-05 00:29:20.443293,2022-01-05 02:08:16.235509,2022-01-05 04:00:04.514716,Role 3,C,21,20,20,1,"[0.0, 1.0, 1.0]",1.0,0,"['A_SUBMITTED', 'A_PARTLYSUBMITTED', 'W_Assess_fraud', 'W_Fix_incomplete_submission']",{'AMOUNT': 47836},{'bank_branch': 'Eindhoven'}
22,W_Assess_fraud,2022-01-03 07:33:22.891283,2022-01-05 03:04:07.716730,2022-01-05 04:07:06.563981,Role 2,A,33,20,19,1,"[0.0, 1.0, 1.0]",1.0,27,"['A_SUBMITTED', 'A_PARTLYSUBMITTED']",{'AMOUNT': 40451},{'bank_branch': 'Eindhoven'}
22,W_Fix_incomplete_submission,2022-01-03 07:33:22.891283,2022-01-05 04:07:06.563981,2022-01-05 05:29:51.408616,Role 2,A,33,19,19,1,"[0.0, 1.0, 0.0]",1.0,27,"['A_SUBMITTED', 'A_PARTLYSUBMITTED', 'W_Assess_fraud']",{'AMOUNT': 5623},{'bank_branch': 'Eindhoven'}
24,W_Assess_fraud,2022-01-03 07:57:50.234594,2022-01-05 05:29:51.408616,2022-01-05 07:00:25.582538,Role 2,A,33,19,19,1,"[0.0, 1.0, 0.0]",1.0,29,"['A_SUBMITTED', 'A_PARTLYSUBMITTED']",{'AMOUNT': 19704},{'bank_branch': 'Eindhoven'}
22,A_CANCELLED,2022-01-05 04:07:06.563981,2022-01-05 06:02:36.968343,2022-01-05 07:35:45.580958,Role 3,C,19,19,19,1,"[0.0, 1.0, 1.0]",1.0,0,"['A_SUBMITTED', 'A_PARTLYSUBMITTED', 'W_Assess_fraud', 'W_Fix_incomplete_submission']",{'AMOUNT': 40451},{'bank_branch': 'Eindhoven'}
24,W_Fix_incomplete_submission,2022-01-03 07:57:50.234594,2022-01-05 07:00:25.582538,2022-01-05 08:20:29.048708,Role 2,A,33,19,18,1,"[0.0, 1.0, 1.0]",1.0,29,"['A_SUBMITTED', 'A_PARTLYSUBMITTED', 'W_Assess_fraud']",{'AMOUNT': 19666},{'bank_branch': 'Eindhoven'}
23,W_Assess_fraud,2022-01-03 08:39:37.510291,2022-01-05 08:20:29.048708,2022-01-05 09:42:30.986382,Role 2,A,33,18,18,1,"[0.0, 1.0, 0.0]",1.0,29,"['A_SUBMITTED', 'A_PARTLYSUBMITTED']",{'AMOUNT': 1322},{'bank_branch': 'Eindhoven'}
24,A_PREACCEPTED,2022-01-05 07:00:25.582538,2022-01-05 08:30:38.483748,2022-01-05 10:24:19.609482,Role 1,E,19,18,18,1,"[0.5, 1.0, 0.0]",0.5,0,"['A_SUBMITTED', 'A_PARTLYSUBMITTED', 'W_Assess_fraud', 'W_Fix_incomplete_submission']",{'AMOUNT': 19704},{'bank_branch': 'Eindhoven'}
23,W_Fix_incomplete_submission,2022-01-03 08:39:37.510291,2022-01-05 09:42:30.986382,2022-01-05 11:42:16.907453,Role 2,A,33,18,18,1,"[0.5, 1.0, 0.0]",1.0,29,"['A_SUBMITTED', 'A_PARTLYSUBMITTED', 'W_Assess_fraud']",{'AMOUNT': 76110},{'bank_branch': 'Eindhoven'}
23,O_DECLINED,2022-01-05 09:42:30.986382,2022-01-05 11:14:25.834782,2022-01-05 12:31:53.212973,Role 1,D,18,18,18,1,"[0.5, 1.0, 0.0]",0.5,0,"['A_SUBMITTED', 'A_PARTLYSUBMITTED', 'W_Assess_fraud', 'W_Fix_incomplete_submission']",{'AMOUNT': 1322},{'bank_branch': 'Eindhoven'}
25,W_Assess_fraud,2022-01-03 09:23:47.907064,2022-01-05 11:42:16.907453,2022-01-05 13:23:49.472862,Role 2,A,33,18,17,1,"[0.5, 1.0, 0.0]",1.0,32,"['A_SUBMITTED', 'A_PARTLYSUBMITTED']",{'AMOUNT': 13824},{'bank_branch': 'Eindhoven'}
25,W_Fix_incomplete_submission,2022-01-03 09:23:47.907064,2022-01-05 13:23:49.472862,2022-01-05 14:34:51.690728,Role 2,A,33,17,17,1,"[0.0, 1.0, 0.0]",1.0,32,"['A_SUBMITTED', 'A_PARTLYSUBMITTED', 'W_Assess_fraud']",{'AMOUNT': 30393},{'bank_branch': 'Eindhoven'}
26,W_Fix_incomplete_submission,2022-01-03 10:19:58.793079,2022-01-05 14:34:51.690728,2022-01-05 15:55:03.197405,Role 2,A,33,17,17,1,"[0.5, 1.0, 0.0]",1.0,33,"['A_SUBMITTED', 'A_PARTLYSUBMITTED']",{'AMOUNT': 71879},{'bank_branch': 'Eindhoven'}
25,O_DECLINED,2022-01-05 13:23:49.472862,2022-01-05 14:31:28.280279,2022-01-05 16:07:48.015969,Role 1,E,17,17,17,1,"[0.5, 1.0, 0.0]",0.5,0,"['A_SUBMITTED', 'A_PARTLYSUBMITTED', 'W_Assess_fraud', 'W_Fix_incomplete_submission']",{'AMOUNT': 13824},{'bank_branch': 'Eindhoven'}
27,W_Fix_incomplete_submission,2022-01-03 10:45:42.207533,2022-01-05 15:55:03.197405,2022-01-05 17:37:25.218953,Role 2,A,33,17,16,1,"[0.5, 1.0, 0.0]",1.0,34,"['A_SUBMITTED', 'A_PARTLYSUBMITTED']",{'AMOUNT': 43176},{'bank_branch': 'Eindhoven'}
26,W_Assess_fraud,2022-01-03 10:19:58.793079,2022-01-05 17:37:25.218953,2022-01-05 19:11:08.412314,Role 2,A,33,16,16,1,"[0.0, 1.0, 0.0]",1.0,33,"['A_SUBMITTED', 'A_PARTLYSUBMITTED', 'W_Fix_incomplete_submission']",{'AMOUNT': 53409},{'bank_branch': 'Eindhoven'}
27,W_Assess_fraud,2022-01-03 10:45:42.207533,2022-01-05 19:11:08.412314,2022-01-05 20:16:52.984717,Role 2,A,33,16,16,1,"[0.0, 1.0, 0.0]",1.0,34,"['A_SUBMITTED', 'A_PARTLYSUBMITTED', 'W_Fix_incomplete_submission']",{'AMOUNT': 43175},{'bank_branch': 'Eindhoven'}
26,O_DECLINED,2022-01-05 19:11:08.412314,2022-01-05 20:33:20.786671,2022-01-05 21:53:54.060071,Role 1,D,16,16,16,1,"[0.5, 1.0, 0.0]",0.5,0,"['A_SUBMITTED', 'A_PARTLYSUBMITTED', 'W_Fix_incomplete_submission', 'W_Assess_fraud']",{'AMOUNT': 53409},{'bank_branch': 'Eindhoven'}
29,W_Fix_incomplete_submission,2022-01-03 12:03:47.098185,2022-01-05 20:16:52.984717,2022-01-05 22:07:06.814636,Role 2,A,33,16,15,1,"[0.0, 1.0, 0.0]",1.0,37,"['A_SUBMITTED', 'A_PARTLYSUBMITTED']",{'AMOUNT': 49471},{'bank_branch': 'Eindhoven'}
27,A_PREACCEPTED,2022-01-05 20:16:52.984717,2022-01-05 21:37:28.513237,2022-01-05 22:46:54.816771,Role 1,E,16,16,15,1,"[1.0, 1.0, 0.0]",1.0,0,"['A_SUBMITTED', 'A_PARTLYSUBMITTED', 'W_Fix_incomplete_submission', 'W_Assess_fraud']",{'AMOUNT': 43175},{'bank_branch': 'Eindhoven'}
29,W_Assess_fraud,2022-01-03 12:03:47.098185,2022-01-05 22:07:06.814636,2022-01-05 23:22:37.462425,Role 2,A,33,15,15,1,"[0.5, 1.0, 0.0]",1.0,37,"['A_SUBMITTED', 'A_PARTLYSUBMITTED', 'W_Fix_incomplete_submission']",{'AMOUNT': 41135},{'bank_branch': 'Eindhoven'}
28,W_Fix_incomplete_submission,2022-01-03 11:56:22.469232,2022-01-06 00:00:00.462425,2022-01-06 01:20:16.921328,Role 2,A,33,15,15,1,"[0.0, 1.0, 0.0]",1.0,37,"['A_SUBMITTED', 'A_PARTLYSUBMITTED']",{'AMOUNT': 36036},{'bank_branch': 'Eindhoven'}
29,A_CANCELLED,2022-01-05 23:22:37.462425,2022-01-06 01:09:05.395247,2022-01-06 02:15:45.102004,Role 3,C,15,15,15,1,"[0.0, 1.0, 1.0]",1.0,0,"['A_SUBMITTED', 'A_PARTLYSUBMITTED', 'W_Fix_incomplete_submission', 'W_Assess_fraud']",{'AMOUNT': 41135},{'bank_branch': 'Eindhoven'}
28,W_Assess_fraud,2022-01-03 11:56:22.469232,2022-01-06 01:20:16.921328,2022-01-06 02:44:08.729924,Role 2,A,33,15,14,1,"[0.0, 1.0, 1.0]",1.0,37,"['A_SUBMITTED', 'A_PARTLYSUBMITTED', 'W_Fix_incomplete_submission']",{'AMOUNT': 46729},{'bank_branch': 'Eindhoven'}
31,W_Fix_incomplete_submission,2022-01-03 13:22:19.830678,2022-01-06 02:44:08.729924,2022-01-06 04:37:51.630590,Role 2,A,33,14,14,1,"[0.0, 1.0, 0.0]",1.0,40,"['A_SUBMITTED', 'A_PARTLYSUBMITTED']",{'AMOUNT': 32050},{'bank_branch': 'Eindhoven'}
30,W_Fix_incomplete_submission,2022-01-03 13:57:32.632016,2022-01-06 04:37:51.630590,2022-01-06 05:55:14.210466,Role 2,A,33,14,14,1,"[0.5, 1.0, 0.0]",1.0,41,"['A_SUBMITTED', 'A_PARTLYSUBMITTED']",{'AMOUNT': 35243},{'bank_branch': 'Eindhoven'}
28,O_DECLINED,2022-01-06 02:44:08.729924,2022-01-06 04:29:29.228245,2022-01-06 06:07:07.096659,Role 1,D,14,14,14,1,"[0.5, 1.0, 0.0]",0.5,0,"['A_SUBMITTED', 'A_PARTLYSUBMITTED', 'W_Fix_incomplete_submission', 'W_Assess_fraud']",{'AMOUNT': 46729},{'bank_branch': 'Eindhoven'}
31,W_Assess_fraud,2022-01-03 13:22:19.830678,2022-01-06 05:55:14.210466,2022-01-06 07:34:48.414622,Role 2,A,33,14,13,1,"[0.5, 1.0, 0.0]",1.0,40,"['A_SUBMITTED', 'A_PARTLYSUBMITTED', 'W_Fix_incomplete_submission']",{'AMOUNT': 16668},{'bank_branch': 'Eindhoven'}
30,W_Assess_fraud,2022-01-03 13:57:32.632016,2022-01-06 07:34:48.414622,2022-01-06 09:02:36.125926,Role 2,A,33,13,13,1,"[0.0, 1.0, 0.0]",1.0,41,"['A_SUBMITTED', 'A_PARTLYSUBMITTED', 'W_Fix_incomplete_submission']",{'AMOUNT': 50733},{'bank_branch': 'Eindhoven'}
31,A_CANCELLED,2022-01-06 07:34:48.414622,2022-01-06 08:46:43.350130,2022-01-06 10:30:25.228267,Role 3,C,13,13,13,1,"[0.0, 1.0, 1.0]",1.0,0,"['A_SUBMITTED', 'A_PARTLYSUBMITTED', 'W_Fix_incomplete_submission', 'W_Assess_fraud']",{'AMOUNT': 16668},{'bank_branch': 'Eindhoven'}
32,W_Fix_incomplete_submission,2022-01-03 14:23:10.573258,2022-01-06 09:02:36.125926,2022-01-06 10:34:43.825620,Role 2,A,33,13,12,1,"[0.0, 1.0, 1.0]",1.0,41,"['A_SUBMITTED', 'A_PARTLYSUBMITTED']",{'AMOUNT': 2393},{'bank_branch': 'Eindhoven'}
33,W_Assess_fraud,2022-01-03 15:07:10.126842,2022-01-06 10:34:43.825620,2022-01-06 11:45:37.937850,Role 2,A,33,12,12,1,"[0.0, 1.0, 0.0]",1.0,43,"['A_SUBMITTED', 'A_PARTLYSUBMITTED']",{'AMOUNT': 27219},{'bank_branch': 'Eindhoven'}
30,A_CANCELLED,2022-01-06 09:02:36.125926,2022-01-06 10:39:21.316261,2022-01-06 12:13:50.440504,Role 3,C,13,12,12,1,"[0.0, 1.0, 1.0]",1.0,0,"['A_SUBMITTED', 'A_PARTLYSUBMITTED', 'W_Fix_incomplete_submission', 'W_Assess_fraud']",{'AMOUNT': 50733},{'bank_branch': 'Eindhoven'}
32,W_Assess_fraud,2022-01-03 14:23:10.573258,2022-01-06 11:45:37.937850,2022-01-06 13:16:20.583243,Role 2,A,33,12,11,1,"[0.0, 1.0, 1.0]",1.0,41,"['A_SUBMITTED', 'A_PARTLYSUBMITTED', 'W_Fix_incomplete_submission']",{'AMOUNT': 78269},{'bank_branch': 'Eindhoven'}
33,W_Fix_incomplete_submission,2022-01-03 15:07:10.126842,2022-01-06 13:16:20.583243,2022-01-06 14:33:37.793404,Role 2,A,33,11,11,1,"[0.5, 1.0, 0.0]",1.0,43,"['A_SUBMITTED', 'A_PARTLYSUBMITTED', 'W_Assess_fraud']",{'AMOUNT': 68838},{'bank_branch': 'Eindhoven'}
33,A_PREACCEPTED,2022-01-06 11:45:37.937850,2022-01-06 12:56:57.872033,2022-01-06 14:36:00.171932,Role 1,E,12,11,11,1,"[0.5, 1.0, 0.0]",0.5,0,"['A_SUBMITTED', 'A_PARTLYSUBMITTED', 'W_Assess_fraud', 'W_Fix_incomplete_submission']",{'AMOUNT': 27219},{'bank_branch': 'Eindhoven'}
34,W_Fix_incomplete_submission,2022-01-03 15:23:26.360916,2022-01-06 14:33:37.793404,2022-01-06 15:35:11.280166,Role 2,A,33,11,11,1,"[0.5, 1.0, 0.0]",1.0,44,"['A_SUBMITTED', 'A_PARTLYSUBMITTED']",{'AMOUNT': 36978},{'bank_branch': 'Eindhoven'}
32,O_DECLINED,2022-01-06 13:16:20.583243,2022-01-06 14:59:16.641158,2022-01-06 16:30:01.532652,Role 1,D,11,11,11,1,"[0.5, 1.0, 0.0]",0.5,0,"['A_SUBMITTED', 'A_PARTLYSUBMITTED', 'W_Fix_incomplete_submission', 'W_Assess_fraud']",{'AMOUNT': 78269},{'bank_branch': 'Eindhoven'}
34,W_Assess_fraud,2022-01-03 15:23:26.360916,2022-01-06 15:35:11.280166,2022-01-06 17:33:56.169746,Role 2,A,33,11,10,1,"[0.5, 1.0, 0.0]",1.0,44,"['A_SUBMITTED', 'A_PARTLYSUBMITTED', 'W_Fix_incomplete_submission']",{'AMOUNT': 64704},{'bank_branch': 'Eindhoven'}
2,W_Complete_preaccepted_appl,2022-01-03 16:10:05.518357,2022-01-06 17:33:56.169746,2022-01-06 17:56:57.169746,Role 2,A,33,10,10,1,"[0.0, 1.0, 0.0]",1.0,45,"['A_SUBMITTED', 'A_PARTLYSUBMITTED', 'W_Assess_fraud', 'W_Fix_incomplete_submission', 'A_PREACCEPTED']",{'AMOUNT': 78700},{'bank_branch': 'Eindhoven'}
6,W_Complete_preaccepted_appl,2022-01-03 17:46:49.532988,2022-01-06 17:56:57.169746,2022-01-06 18:19:58.169746,Role 2,A,31,10,10,1,"[0.0, 1.0, 0.0]",1.0,50,"['A_SUBMITTED', 'A_PARTLYSUBMITTED', 'W_Assess_fraud', 'W_Fix_incomplete_submission', 'A_PREACCEPTED']",{'AMOUNT': 70087},{'bank_branch': 'Eindhoven'}
11,W_Complete_preaccepted_appl,2022-01-04 01:44:19.551107,2022-01-06 18:19:58.169746,2022-01-06 18:43:02.169746,Role 2,A,26,10,10,1,"[0.0, 1.0, 0.0]",1.0,45,"['A_SUBMITTED', 'A_PARTLYSUBMITTED', 'W_Fix_incomplete_submission', 'W_Assess_fraud', 'A_PREACCEPTED']",{'AMOUNT': 53695},{'bank_branch': 'Eindhoven'}
16,W_Complete_preaccepted_appl,2022-01-04 11:16:00.480942,2022-01-06 18:43:02.169746,2022-01-06 19:06:06.169746,Role 2,A,24,10,10,1,"[0.5, 1.0, 0.0]",1.0,40,"['A_SUBMITTED', 'A_PARTLYSUBMITTED', 'W_Fix_incomplete_submission', 'W_Assess_fraud', 'A_PREACCEPTED']",{'AMOUNT': 137},{'bank_branch': 'Eindhoven'}
18,W_Complete_preaccepted_appl,2022-01-04 17:34:15.813840,2022-01-06 19:06:06.169746,2022-01-06 19:29:10.169746,Role 2,A,22,10,10,1,"[0.5, 1.0, 0.0]",1.0,36,"['A_SUBMITTED', 'A_PARTLYSUBMITTED', 'W_Assess_fraud', 'W_Fix_incomplete_submission', 'A_PREACCEPTED']",{'AMOUNT': 79032},{'bank_branch': 'Eindhoven'}
0,W_Complete_preaccepted_appl,2022-01-04 21:28:25.710646,2022-01-06 19:29:10.169746,2022-01-06 19:52:14.169746,Role 2,A,22,10,10,1,"[1.0, 1.0, 0.0]",1.0,35,"['A_SUBMITTED', 'A_PARTLYSUBMITTED', 'W_Assess_fraud', 'W_Fix_incomplete_submission', 'A_PREACCEPTED', 'W_Complete_preaccepted_appl']",{'AMOUNT': 78801},{'bank_branch': 'Eindhoven'}
34,A_PREACCEPTED,2022-01-06 17:33:56.169746,2022-01-06 18:39:42.012866,2022-01-06 19:55:08.590668,Role 1,E,10,10,10,1,"[0.5, 1.0, 0.0]",0.5,0,"['A_SUBMITTED', 'A_PARTLYSUBMITTED', 'W_Fix_incomplete_submission', 'W_Assess_fraud']",{'AMOUNT': 64704},{'bank_branch': 'Eindhoven'}
24,W_Complete_preaccepted_appl,2022-01-05 10:24:19.609482,2022-01-06 19:52:14.169746,2022-01-06 20:15:18.169746,Role 2,A,18,10,10,1,"[1.0, 1.0, 0.0]",1.0,26,"['A_SUBMITTED', 'A_PARTLYSUBMITTED', 'W_Assess_fraud', 'W_Fix_incomplete_submission', 'A_PREACCEPTED']",{'AMOUNT': 19704},{'bank_branch': 'Eindhoven'}
27,W_Complete_preaccepted_appl,2022-01-05 22:46:54.816771,2022-01-06 20:15:18.169746,2022-01-06 20:38:30.169746,Role 2,A,15,10,10,1,"[0.5, 1.0, 0.0]",1.0,19,"['A_SUBMITTED', 'A_PARTLYSUBMITTED', 'W_Fix_incomplete_submission', 'W_Assess_fraud', 'A_PREACCEPTED']",{'AMOUNT': 43175},{'bank_branch': 'Eindhoven'}
33,W_Complete_preaccepted_appl,2022-01-06 14:36:00.171932,2022-01-06 20:38:30.169746,2022-01-06 21:01:42.169746,Role 2,A,11,10,10,1,"[1.0, 1.0, 0.0]",1.0,9,"['A_SUBMITTED', 'A_PARTLYSUBMITTED', 'W_Assess_fraud', 'W_Fix_incomplete_submission', 'A_PREACCEPTED']",{'AMOUNT': 27219},{'bank_branch': 'Eindhoven'}
2,A_ACCEPTED,2022-01-06 17:56:57.169746,2022-01-06 19:28:03.105523,2022-01-06 21:10:20.199492,Role 1,D,10,10,10,1,"[1.0, 1.0, 0.0]",1.0,0,"['A_SUBMITTED', 'A_PARTLYSUBMITTED', 'W_Assess_fraud', 'W_Fix_incomplete_submission', 'A_PREACCEPTED', 'W_Complete_preaccepted_appl']",{'AMOUNT': 78700},{'bank_branch': 'Eindhoven'}
6,W_Complete_preaccepted_appl,2022-01-06 18:19:58.169746,2022-01-06 21:01:42.169746,2022-01-06 21:24:44.169746,Role 2,A,10,10,10,1,"[1.0, 1.0, 0.0]",1.0,7,"['A_SUBMITTED', 'A_PARTLYSUBMITTED', 'W_Assess_fraud', 'W_Fix_incomplete_submission', 'A_PREACCEPTED', 'W_Complete_preaccepted_appl']",{'AMOUNT': 70087},{'bank_branch': 'Eindhoven'}
16,W_Complete_preaccepted_appl,2022-01-06 19:06:06.169746,2022-01-06 21:24:44.169746,2022-01-06 21:47:46.169746,Role 2,A,10,10,10,1,"[1.0, 1.0, 0.0]",1.0,5,"['A_SUBMITTED', 'A_PARTLYSUBMITTED', 'W_Fix_incomplete_submission', 'W_Assess_fraud', 'A_PREACCEPTED', 'W_Complete_preaccepted_appl']",{'AMOUNT': 137},{'bank_branch': 'Eindhoven'}
34,W_Complete_preaccepted_appl,2022-01-06 19:55:08.590668,2022-01-06 21:47:46.169746,2022-01-06 22:10:48.169746,Role 2,A,10,10,10,1,"[1.0, 1.0, 0.0]",1.0,3,"['A_SUBMITTED', 'A_PARTLYSUBMITTED', 'W_Fix_incomplete_submission', 'W_Assess_fraud', 'A_PREACCEPTED']",{'AMOUNT': 64704},{'bank_branch': 'Eindhoven'}
11,A_ACCEPTED,2022-01-06 18:43:02.169746,2022-01-06 20:15:52.841684,2022-01-06 22:13:18.648134,Role 1,E,10,10,10,2,"[1.0, 1.0, 0.0]",1.0,0,"['A_SUBMITTED', 'A_PARTLYSUBMITTED', 'W_Fix_incomplete_submission', 'W_Assess_fraud', 'A_PREACCEPTED', 'W_Complete_preaccepted_appl']",{'AMOUNT': 53695},{'bank_branch': 'Eindhoven'}
6,W_Complete_preaccepted_appl,2022-01-06 21:24:44.169746,2022-01-06 22:25:03.032944,2022-01-06 22:47:48.032944,Role 2,A,10,10,10,1,"[1.0, 1.0, 0.0]",1.0,2,"['A_SUBMITTED', 'A_PARTLYSUBMITTED', 'W_Assess_fraud', 'W_Fix_incomplete_submission', 'A_PREACCEPTED', 'W_Complete_preaccepted_appl', 'W_Complete_preaccepted_appl']",{'AMOUNT': 70087},{'bank_branch': 'Eindhoven'}
18,A_ACCEPTED,2022-01-06 19:29:10.169746,2022-01-06 21:10:20.199492,2022-01-06 23:00:32.795443,Role 1,D,10,10,10,2,"[1.0, 1.0, 0.0]",1.0,0,"['A_SUBMITTED', 'A_PARTLYSUBMITTED', 'W_Assess_fraud', 'W_Fix_incomplete_submission', 'A_PREACCEPTED', 'W_Complete_preaccepted_appl']",{'AMOUNT': 79032},{'bank_branch': 'Eindhoven'}
33,W_Complete_preaccepted_appl,2022-01-06 21:01:42.169746,2022-01-06 22:47:48.032944,2022-01-06 23:10:33.032944,Role 2,A,10,10,10,1,"[1.0, 1.0, 0.0]",1.0,2,"['A_SUBMITTED', 'A_PARTLYSUBMITTED', 'W_Assess_fraud', 'W_Fix_incomplete_submission', 'A_PREACCEPTED', 'W_Complete_preaccepted_appl']",{'AMOUNT': 27219},{'bank_branch': 'Eindhoven'}
0,A_ACCEPTED,2022-01-06 19:52:14.169746,2022-01-06 22:13:18.648134,2022-01-06 23:33:47.050282,Role 1,E,10,10,10,2,"[1.0, 0.0, 0.0]",1.0,0,"['A_SUBMITTED', 'A_PARTLYSUBMITTED', 'W_Assess_fraud', 'W_Fix_incomplete_submission', 'A_PREACCEPTED', 'W_Complete_preaccepted_appl', 'W_Complete_preaccepted_appl']",{'AMOUNT': 78801},{'bank_branch': 'Eindhoven'}
16,W_Complete_preaccepted_appl,2022-01-06 21:47:46.169746,2022-01-07 00:00:00.032944,2022-01-07 00:23:16.032944,Role 2,A,10,10,10,1,"[1.0, 1.0, 0.0]",1.0,1,"['A_SUBMITTED', 'A_PARTLYSUBMITTED', 'W_Fix_incomplete_submission', 'W_Assess_fraud', 'A_PREACCEPTED', 'W_Complete_preaccepted_appl', 'W_Complete_preaccepted_appl']",{'AMOUNT': 137},{'bank_branch': 'Eindhoven'}
27,A_ACCEPTED,2022-01-06 20:38:30.169746,2022-01-07 00:00:00.050282,2022-01-07 01:07:22.574478,Role 1,E,10,10,10,2,"[1.0, 1.0, 0.0]",1.0,0,"['A_SUBMITTED', 'A_PARTLYSUBMITTED', 'W_Fix_incomplete_submission', 'W_Assess_fraud', 'A_PREACCEPTED', 'W_Complete_preaccepted_appl']",{'AMOUNT': 43175},{'bank_branch': 'Eindhoven'}
24,A_ACCEPTED,2022-01-06 20:15:18.169746,2022-01-07 00:00:00.795443,2022-01-07 01:10:08.959713,Role 1,D,10,10,10,2,"[1.0, 1.0, 0.0]",1.0,0,"['A_SUBMITTED', 'A_PARTLYSUBMITTED', 'W_Assess_fraud', 'W_Fix_incomplete_submission', 'A_PREACCEPTED', 'W_Complete_preaccepted_appl']",{'AMOUNT': 19704},{'bank_branch': 'Eindhoven'}
2,A_FINALIZED,2022-01-06 21:10:20.199492,2022-01-07 01:07:22.574478,2022-01-07 02:39:32.789694,Role 1,E,10,10,10,1,"[1.0, 0.0, 0.0]",1.0,1,"['A_SUBMITTED', 'A_PARTLYSUBMITTED', 'W_Assess_fraud', 'W_Fix_incomplete_submission', 'A_PREACCEPTED', 'W_Complete_preaccepted_appl', 'A_ACCEPTED']",{'AMOUNT': 78700},{'bank_branch': 'Eindhoven'}
34,A_ACCEPTED,2022-01-06 22:10:48.169746,2022-01-07 01:10:08.959713,2022-01-07 02:55:20.787610,Role 1,D,10,10,10,1,"[1.0, 0.0, 0.0]",1.0,3,"['A_SUBMITTED', 'A_PARTLYSUBMITTED', 'W_Fix_incomplete_submission', 'W_Assess_fraud', 'A_PREACCEPTED', 'W_Complete_preaccepted_appl']",{'AMOUNT': 64704},{'bank_branch': 'Eindhoven'}
11,A_FINALIZED,2022-01-06 22:13:18.648134,2022-01-07 02:39:32.789694,2022-01-07 04:10:53.206530,Role 1,E,10,10,10,1,"[1.0, 0.0, 0.0]",1.0,3,"['A_SUBMITTED', 'A_PARTLYSUBMITTED', 'W_Fix_incomplete_submission', 'W_Assess_fraud', 'A_PREACCEPTED', 'W_Complete_preaccepted_appl', 'A_ACCEPTED']",{'AMOUNT': 53695},{'bank_branch': 'Eindhoven'}
33,A_ACCEPTED,2022-01-06 23:10:33.032944,2022-01-07 02:55:20.787610,2022-01-07 04:19:36.916511,Role 1,D,10,10,10,1,"[1.0, 0.0, 0.0]",1.0,2,"['A_SUBMITTED', 'A_PARTLYSUBMITTED', 'W_Assess_fraud', 'W_Fix_incomplete_submission', 'A_PREACCEPTED', 'W_Complete_preaccepted_appl', 'W_Complete_preaccepted_appl']",{'AMOUNT': 27219},{'bank_branch': 'Eindhoven'}
6,A_ACCEPTED,2022-01-06 22:47:48.032944,2022-01-07 04:10:53.206530,2022-01-07 05:14:52.264673,Role 1,E,10,10,10,2,"[1.0, 0.0, 1.0]",1.0,3,"['A_SUBMITTED', 'A_PARTLYSUBMITTED', 'W_Assess_fraud', 'W_Fix_incomplete_submission', 'A_PREACCEPTED', 'W_Complete_preaccepted_appl', 'W_Complete_preaccepted_appl', 'W_Complete_preaccepted_appl']",{'AMOUNT': 70087},{'bank_branch': 'Eindhoven'}
2,O_SELECTED,2022-01-07 02:39:32.789694,2022-01-07 03:50:45.201788,2022-01-07 05:15:30.484793,Role 3,C,10,10,10,1,"[1.0, 0.0, 1.0]",1.0,0,"['A_SUBMITTED', 'A_PARTLYSUBMITTED', 'W_Assess_fraud', 'W_Fix_incomplete_submission', 'A_PREACCEPTED', 'W_Complete_preaccepted_appl', 'A_ACCEPTED', 'A_FINALIZED']",{'AMOUNT': 78700},{'bank_branch': 'Utrecht'}
18,A_FINALIZED,2022-01-06 23:00:32.795443,2022-01-07 04:19:36.916511,2022-01-07 06:12:29.854408,Role 1,D,10,10,10,1,"[1.0, 0.0, 1.0]",1.0,3,"['A_SUBMITTED', 'A_PARTLYSUBMITTED', 'W_Assess_fraud', 'W_Fix_incomplete_submission', 'A_PREACCEPTED', 'W_Complete_preaccepted_appl', 'A_ACCEPTED']",{'AMOUNT': 79032},{'bank_branch': 'Eindhoven'}
0,A_FINALIZED,2022-01-06 23:33:47.050282,2022-01-07 05:14:52.264673,2022-01-07 06:39:31.127480,Role 1,E,10,10,10,2,"[1.0, 0.0, 1.0]",1.0,3,"['A_SUBMITTED', 'A_PARTLYSUBMITTED', 'W_Assess_fraud', 'W_Fix_incomplete_submission', 'A_PREACCEPTED', 'W_Complete_preaccepted_appl', 'W_Complete_preaccepted_appl', 'A_ACCEPTED']",{'AMOUNT': 78801},{'bank_branch': 'Eindhoven'}
11,O_SELECTED,2022-01-07 04:10:53.206530,2022-01-07 05:48:09.897053,2022-01-07 07:02:23.298847,Role 3,C,10,10,10,1,"[1.0, 0.0, 1.0]",1.0,0,"['A_SUBMITTED', 'A_PARTLYSUBMITTED', 'W_Fix_incomplete_submission', 'W_Assess_fraud', 'A_PREACCEPTED', 'W_Complete_preaccepted_appl', 'A_ACCEPTED', 'A_FINALIZED']",{'AMOUNT': 53695},{'bank_branch': 'Utrecht'}
16,A_ACCEPTED,2022-01-07 00:23:16.032944,2022-01-07 06:12:29.854408,2022-01-07 07:23:08.739110,Role 1,D,10,10,10,1,"[1.0, 0.0, 1.0]",1.0,4,"['A_SUBMITTED', 'A_PARTLYSUBMITTED', 'W_Fix_incomplete_submission', 'W_Assess_fraud', 'A_PREACCEPTED', 'W_Complete_preaccepted_appl', 'W_Complete_preaccepted_appl', 'W_Complete_preaccepted_appl']",{'AMOUNT': 137},{'bank_branch': 'Utrecht'}
24,A_FINALIZED,2022-01-07 01:10:08.959713,2022-01-07 06:39:31.127480,2022-01-07 07:40:53.794663,Role 1,E,10,10,10,1,"[1.0, 0.0, 1.0]",1.0,5,"['A_SUBMITTED', 'A_PARTLYSUBMITTED', 'W_Assess_fraud', 'W_Fix_incomplete_submission', 'A_PREACCEPTED', 'W_Complete_preaccepted_appl', 'A_ACCEPTED']",{'AMOUNT': 19704},{'bank_branch': 'Utrecht'}
2,O_CREATED,2022-01-07 05:15:30.484793,2022-01-07 07:02:23.298847,2022-01-07 08:04:54.055443,Role 3,C,10,10,10,1,"[1.0, 0.0, 1.0]",1.0,0,"['A_SUBMITTED', 'A_PARTLYSUBMITTED', 'W_Assess_fraud', 'W_Fix_incomplete_submission', 'A_PREACCEPTED', 'W_Complete_preaccepted_appl', 'A_ACCEPTED', 'A_FINALIZED', 'O_SELECTED']",{'AMOUNT': 78700},{'bank_branch': 'Utrecht'}
27,A_FINALIZED,2022-01-07 01:07:22.574478,2022-01-07 07:23:08.739110,2022-01-07 09:14:31.375042,Role 1,D,10,10,10,2,"[1.0, 0.0, 1.0]",1.0,6,"['A_SUBMITTED', 'A_PARTLYSUBMITTED', 'W_Fix_incomplete_submission', 'W_Assess_fraud', 'A_PREACCEPTED', 'W_Complete_preaccepted_appl', 'A_ACCEPTED']",{'AMOUNT': 43175},{'bank_branch': 'Utrecht'}
34,A_FINALIZED,2022-01-07 02:55:20.787610,2022-01-07 07:40:53.794663,2022-01-07 09:17:03.322915,Role 1,E,10,10,10,2,"[1.0, 0.0, 1.0]",1.0,7,"['A_SUBMITTED', 'A_PARTLYSUBMITTED', 'W_Fix_incomplete_submission', 'W_Assess_fraud', 'A_PREACCEPTED', 'W_Complete_preaccepted_appl', 'A_ACCEPTED']",{'AMOUNT': 64704},{'bank_branch': 'Utrecht'}
18,O_SELECTED,2022-01-07 06:12:29.854408,2022-01-07 08:04:54.055443,2022-01-07 09:40:13.559114,Role 3,C,10,10,10,1,"[1.0, 0.0, 1.0]",1.0,0,"['A_SUBMITTED', 'A_PARTLYSUBMITTED', 'W_Assess_fraud', 'W_Fix_incomplete_submission', 'A_PREACCEPTED', 'W_Complete_preaccepted_appl', 'A_ACCEPTED', 'A_FINALIZED']",{'AMOUNT': 79032},{'bank_branch': 'Utrecht'}
6,A_FINALIZED,2022-01-07 05:14:52.264673,2022-01-07 09:17:03.322915,2022-01-07 10:22:02.041513,Role 1,E,10,10,10,2,"[1.0, 0.0, 1.0]",1.0,5,"['A_SUBMITTED', 'A_PARTLYSUBMITTED', 'W_Assess_fraud', 'W_Fix_incomplete_submission', 'A_PREACCEPTED', 'W_Complete_preaccepted_appl', 'W_Complete_preaccepted_appl', 'W_Complete_preaccepted_appl', 'A_ACCEPTED']",{'AMOUNT': 70087},{'bank_branch': 'Utrecht'}
0,O_SELECTED,2022-01-07 06:39:31.127480,2022-01-07 09:40:13.559114,2022-01-07 11:06:26.969138,Role 3,C,10,10,10,1,"[1.0, 0.0, 1.0]",1.0,1,"['A_SUBMITTED', 'A_PARTLYSUBMITTED', 'W_Assess_fraud', 'W_Fix_incomplete_submission', 'A_PREACCEPTED', 'W_Complete_preaccepted_appl', 'W_Complete_preaccepted_appl', 'A_ACCEPTED', 'A_FINALIZED']",{'AMOUNT': 78801},{'bank_branch': 'Utrecht'}
33,A_FINALIZED,2022-01-07 04:19:36.916511,2022-01-07 09:14:31.375042,2022-01-07 11:13:56.476258,Role 1,D,10,10,10,2,"[1.0, 0.0, 1.0]",1.0,6,"['A_SUBMITTED', 'A_PARTLYSUBMITTED', 'W_Assess_fraud', 'W_Fix_incomplete_submission', 'A_PREACCEPTED', 'W_Complete_preaccepted_appl', 'W_Complete_preaccepted_appl', 'A_ACCEPTED']",{'AMOUNT': 27219},{'bank_branch': 'Utrecht'}
16,A_FINALIZED,2022-01-07 07:23:08.739110,2022-01-07 10:22:02.041513,2022-01-07 11:44:22.624994,Role 1,E,10,10,10,2,"[1.0, 0.0, 1.0]",1.0,4,"['A_SUBMITTED', 'A_PARTLYSUBMITTED', 'W_Fix_incomplete_submission', 'W_Assess_fraud', 'A_PREACCEPTED', 'W_Complete_preaccepted_appl', 'W_Complete_preaccepted_appl', 'W_Complete_preaccepted_appl', 'A_ACCEPTED']",{'AMOUNT': 137},{'bank_branch': 'Utrecht'}
11,O_CREATED,2022-01-07 07:02:23.298847,2022-01-07 11:06:26.969138,2022-01-07 12:55:09.169151,Role 3,C,10,10,10,1,"[1.0, 0.0, 1.0]",1.0,1,"['A_SUBMITTED', 'A_PARTLYSUBMITTED', 'W_Fix_incomplete_submission', 'W_Assess_fraud', 'A_PREACCEPTED', 'W_Complete_preaccepted_appl', 'A_ACCEPTED', 'A_FINALIZED', 'O_SELECTED']",{'AMOUNT': 53695},{'bank_branch': 'Utrecht'}
24,O_SELECTED,2022-01-07 07:40:53.794663,2022-01-07 12:55:09.169151,2022-01-07 14:37:31.795049,Role 3,C,10,10,10,1,"[0.0, 0.0, 1.0]",1.0,0,"['A_SUBMITTED', 'A_PARTLYSUBMITTED', 'W_Assess_fraud', 'W_Fix_incomplete_submission', 'A_PREACCEPTED', 'W_Complete_preaccepted_appl', 'A_ACCEPTED', 'A_FINALIZED']",{'AMOUNT': 19704},{'bank_branch': 'Utrecht'}
2,O_SENT,2022-01-07 08:04:54.055443,2022-01-07 14:37:31.795049,2022-01-07 16:21:03.247811,Role 3,C,10,10,10,1,"[0.0, 0.0, 1.0]",1.0,2,"['A_SUBMITTED', 'A_PARTLYSUBMITTED', 'W_Assess_fraud', 'W_Fix_incomplete_submission', 'A_PREACCEPTED', 'W_Complete_preaccepted_appl', 'A_ACCEPTED', 'A_FINALIZED', 'O_SELECTED', 'O_CREATED']",{'AMOUNT': 78700},{'bank_branch': 'Utrecht'}
2,W_Call_after_offer,2022-01-07 16:21:03.247811,,,Role 2,,10,-1,-1,0,"[0.0, 0.0, 0.0]",0.0,0,"['A_SUBMITTED', 'A_PARTLYSUBMITTED', 'W_Assess_fraud', 'W_Fix_incomplete_submission', 'A_PREACCEPTED', 'W_Complete_preaccepted_appl', 'A_ACCEPTED', 'A_FINALIZED', 'O_SELECTED', 'O_CREATED', 'O_SENT']",{'AMOUNT': 78700},{'bank_branch': 'Utrecht'}
34,O_SELECTED,2022-01-07 09:17:03.322915,2022-01-07 16:21:03.247811,2022-01-07 18:16:46.314405,Role 3,C,10,10,10,1,"[0.0, 0.0, 1.0]",1.0,2,"['A_SUBMITTED', 'A_PARTLYSUBMITTED', 'W_Fix_incomplete_submission', 'W_Assess_fraud', 'A_PREACCEPTED', 'W_Complete_preaccepted_appl', 'A_ACCEPTED', 'A_FINALIZED']",{'AMOUNT': 64704},{'bank_branch': 'Utrecht'}
27,O_SELECTED,2022-01-07 09:14:31.375042,2022-01-07 18:16:46.314405,2022-01-07 19:53:31.290699,Role 3,C,10,10,10,1,"[0.0, 0.0, 1.0]",1.0,2,"['A_SUBMITTED', 'A_PARTLYSUBMITTED', 'W_Fix_incomplete_submission', 'W_Assess_fraud', 'A_PREACCEPTED', 'W_Complete_preaccepted_appl', 'A_ACCEPTED', 'A_FINALIZED']",{'AMOUNT': 43175},{'bank_branch': 'Utrecht'}
18,O_CREATED,2022-01-07 09:40:13.559114,2022-01-07 19:53:31.290699,2022-01-07 21:30:43.730289,Role 3,C,10,10,10,1,"[0.0, 0.0, 1.0]",1.0,3,"['A_SUBMITTED', 'A_PARTLYSUBMITTED', 'W_Assess_fraud', 'W_Fix_incomplete_submission', 'A_PREACCEPTED', 'W_Complete_preaccepted_appl', 'A_ACCEPTED', 'A_FINALIZED', 'O_SELECTED']",{'AMOUNT': 79032},{'bank_branch': 'Utrecht'}
6,O_SELECTED,2022-01-07 10:22:02.041513,2022-01-07 21:30:43.730289,2022-01-07 23:15:58.358029,Role 3,C,10,10,10,1,"[0.0, 0.0, 1.0]",1.0,3,"['A_SUBMITTED', 'A_PARTLYSUBMITTED', 'W_Assess_fraud', 'W_Fix_incomplete_submission', 'A_PREACCEPTED', 'W_Complete_preaccepted_appl', 'W_Complete_preaccepted_appl', 'W_Complete_preaccepted_appl', 'A_ACCEPTED', 'A_FINALIZED']",{'AMOUNT': 70087},{'bank_branch': 'Utrecht'}
33,O_SELECTED,2022-01-07 11:13:56.476258,2022-01-08 00:00:00.358029,2022-01-08 01:53:12.577252,Role 3,C,10,10,10,1,"[0.0, 0.0, 1.0]",1.0,4,"['A_SUBMITTED', 'A_PARTLYSUBMITTED', 'W_Assess_fraud', 'W_Fix_incomplete_submission', 'A_PREACCEPTED', 'W_Complete_preaccepted_appl', 'W_Complete_preaccepted_appl', 'A_ACCEPTED', 'A_FINALIZED']",{'AMOUNT': 27219},{'bank_branch': 'Utrecht'}
0,O_CREATED,2022-01-07 11:06:26.969138,2022-01-08 01:53:12.577252,2022-01-08 03:32:25.250371,Role 3,C,10,10,10,1,"[0.0, 0.0, 1.0]",1.0,5,"['A_SUBMITTED', 'A_PARTLYSUBMITTED', 'W_Assess_fraud', 'W_Fix_incomplete_submission', 'A_PREACCEPTED', 'W_Complete_preaccepted_appl', 'W_Complete_preaccepted_appl', 'A_ACCEPTED', 'A_FINALIZED', 'O_SELECTED']",{'AMOUNT': 78801},{'bank_branch': 'Utrecht'}
16,O_SELECTED,2022-01-07 11:44:22.624994,2022-01-08 03:32:25.250371,2022-01-08 04:42:27.205776,Role 3,C,10,10,10,1,"[0.0, 0.0, 1.0]",1.0,5,"['A_SUBMITTED', 'A_PARTLYSUBMITTED', 'W_Fix_incomplete_submission', 'W_Assess_fraud', 'A_PREACCEPTED', 'W_Complete_preaccepted_appl', 'W_Complete_preaccepted_appl', 'W_Complete_preaccepted_appl', 'A_ACCEPTED', 'A_FINALIZED']",{'AMOUNT': 137},{'bank_branch': 'Utrecht'}
11,O_SENT,2022-01-07 12:55:09.169151,2022-01-08 04:42:27.205776,2022-01-08 06:21:30.628839,Role 3,C,10,10,10,1,"[0.0, 0.0, 1.0]",1.0,8,"['A_SUBMITTED', 'A_PARTLYSUBMITTED', 'W_Fix_incomplete_submission', 'W_Assess_fraud', 'A_PREACCEPTED', 'W_Complete_preaccepted_appl', 'A_ACCEPTED', 'A_FINALIZED', 'O_SELECTED', 'O_CREATED']",{'AMOUNT': 53695},{'bank_branch': 'Utrecht'}
11,W_Call_after_offer,2022-01-08 06:21:30.628839,,,Role 2,,10,-1,-1,0,"[0.0, 0.0, 0.0]",0.0,0,"['A_SUBMITTED', 'A_PARTLYSUBMITTED', 'W_Fix_incomplete_submission', 'W_Assess_fraud', 'A_PREACCEPTED', 'W_Complete_preaccepted_appl', 'A_ACCEPTED', 'A_FINALIZED', 'O_SELECTED', 'O_CREATED', 'O_SENT']",{'AMOUNT': 53695},{'bank_branch': 'Utrecht'}
24,O_CREATED,2022-01-07 14:37:31.795049,2022-01-08 06:21:30.628839,2022-01-08 08:12:14.398249,Role 3,C,10,10,10,1,"[0.0, 0.0, 1.0]",1.0,8,"['A_SUBMITTED', 'A_PARTLYSUBMITTED', 'W_Assess_fraud', 'W_Fix_incomplete_submission', 'A_PREACCEPTED', 'W_Complete_preaccepted_appl', 'A_ACCEPTED', 'A_FINALIZED', 'O_SELECTED']",{'AMOUNT': 19704},{'bank_branch': 'Utrecht'}
34,O_CREATED,2022-01-07 18:16:46.314405,2022-01-08 08:12:14.398249,2022-01-08 09:49:53.017571,Role 3,C,10,10,10,1,"[0.0, 0.0, 1.0]",1.0,8,"['A_SUBMITTED', 'A_PARTLYSUBMITTED', 'W_Fix_incomplete_submission', 'W_Assess_fraud', 'A_PREACCEPTED', 'W_Complete_preaccepted_appl', 'A_ACCEPTED', 'A_FINALIZED', 'O_SELECTED']",{'AMOUNT': 64704},{'bank_branch': 'Utrecht'}
27,O_CREATED,2022-01-07 19:53:31.290699,2022-01-08 09:49:53.017571,2022-01-08 10:59:25.839765,Role 3,C,10,10,10,1,"[0.0, 0.0, 1.0]",1.0,8,"['A_SUBMITTED', 'A_PARTLYSUBMITTED', 'W_Fix_incomplete_submission', 'W_Assess_fraud', 'A_PREACCEPTED', 'W_Complete_preaccepted_appl', 'A_ACCEPTED', 'A_FINALIZED', 'O_SELECTED']",{'AMOUNT': 43175},{'bank_branch': 'Utrecht'}
18,O_SENT,2022-01-07 21:30:43.730289,2022-01-08 10:59:25.839765,2022-01-08 12:35:42.601704,Role 3,C,10,10,10,1,"[0.0, 0.0, 1.0]",1.0,8,"['A_SUBMITTED', 'A_PARTLYSUBMITTED', 'W_Assess_fraud', 'W_Fix_incomplete_submission', 'A_PREACCEPTED', 'W_Complete_preaccepted_appl', 'A_ACCEPTED', 'A_FINALIZED', 'O_SELECTED', 'O_CREATED']",{'AMOUNT': 79032},{'bank_branch': 'Utrecht'}
18,W_Call_after_offer,2022-01-08 12:35:42.601704,,,Role 2,,10,-1,-1,0,"[0.0, 0.0, 0.0]",0.0,0,"['A_SUBMITTED', 'A_PARTLYSUBMITTED', 'W_Assess_fraud', 'W_Fix_incomplete_submission', 'A_PREACCEPTED', 'W_Complete_preaccepted_appl', 'A_ACCEPTED', 'A_FINALIZED', 'O_SELECTED', 'O_CREATED', 'O_SENT']",{'AMOUNT': 79032},{'bank_branch': 'Utrecht'}
6,O_CREATED,2022-01-07 23:15:58.358029,2022-01-08 12:35:42.601704,2022-01-08 14:34:14.090092,Role 3,C,10,10,10,1,"[0.0, 0.0, 1.0]",1.0,7,"['A_SUBMITTED', 'A_PARTLYSUBMITTED', 'W_Assess_fraud', 'W_Fix_incomplete_submission', 'A_PREACCEPTED', 'W_Complete_preaccepted_appl', 'W_Complete_preaccepted_appl', 'W_Complete_preaccepted_appl', 'A_ACCEPTED', 'A_FINALIZED', 'O_SELECTED']",{'AMOUNT': 70087},{'bank_branch': 'Utrecht'}
33,O_CREATED,2022-01-08 01:53:12.577252,2022-01-08 14:34:14.090092,2022-01-08 15:46:38.033362,Role 3,C,10,10,10,1,"[0.0, 0.0, 1.0]",1.0,8,"['A_SUBMITTED', 'A_PARTLYSUBMITTED', 'W_Assess_fraud', 'W_Fix_incomplete_submission', 'A_PREACCEPTED', 'W_Complete_preaccepted_appl', 'W_Complete_preaccepted_appl', 'A_ACCEPTED', 'A_FINALIZED', 'O_SELECTED']",{'AMOUNT': 27219},{'bank_branch': 'Utrecht'}
0,O_SENT,2022-01-08 03:32:25.250371,2022-01-08 15:46:38.033362,2022-01-08 17:40:42.424646,Role 3,C,10,10,10,1,"[0.0, 0.0, 1.0]",1.0,8,"['A_SUBMITTED', 'A_PARTLYSUBMITTED', 'W_Assess_fraud', 'W_Fix_incomplete_submission', 'A_PREACCEPTED', 'W_Complete_preaccepted_appl', 'W_Complete_preaccepted_appl', 'A_ACCEPTED', 'A_FINALIZED', 'O_SELECTED', 'O_CREATED']",{'AMOUNT': 78801},{'bank_branch': 'Utrecht'}
0,W_Call_after_offer,2022-01-08 17:40:42.424646,,,Role 2,,10,-1,-1,0,"[0.0, 0.0, 0.0]",0.0,0,"['A_SUBMITTED', 'A_PARTLYSUBMITTED', 'W_Assess_fraud', 'W_Fix_incomplete_submission', 'A_PREACCEPTED', 'W_Complete_preaccepted_appl', 'W_Complete_preaccepted_appl', 'A_ACCEPTED', 'A_FINALIZED', 'O_SELECTED', 'O_CREATED', 'O_SENT']",{'AMOUNT': 78801},{'bank_branch': 'Utrecht'}
16,O_CREATED,2022-01-08 04:42:27.205776,2022-01-08 17:40:42.424646,2022-01-08 18:52:21.005608,Role 3,C,10,10,10,1,"[0.0, 0.0, 1.0]",1.0,7,"['A_SUBMITTED', 'A_PARTLYSUBMITTED', 'W_Fix_incomplete_submission', 'W_Assess_fraud', 'A_PREACCEPTED', 'W_Complete_preaccepted_appl', 'W_Complete_preaccepted_appl', 'W_Complete_preaccepted_appl', 'A_ACCEPTED', 'A_FINALIZED', 'O_SELECTED']",{'AMOUNT': 137},{'bank_branch': 'Utrecht'}
24,O_SENT,2022-01-08 08:12:14.398249,2022-01-08 18:52:21.005608,2022-01-08 20:24:35.612872,Role 3,C,10,10,10,1,"[0.0, 0.0, 1.0]",1.0,7,"['A_SUBMITTED', 'A_PARTLYSUBMITTED', 'W_Assess_fraud', 'W_Fix_incomplete_submission', 'A_PREACCEPTED', 'W_Complete_preaccepted_appl', 'A_ACCEPTED', 'A_FINALIZED', 'O_SELECTED', 'O_CREATED']",{'AMOUNT': 19704},{'bank_branch': 'Utrecht'}
24,W_Call_after_offer,2022-01-08 20:24:35.612872,,,Role 2,,10,-1,-1,0,"[0.0, 0.0, 0.0]",0.0,0,"['A_SUBMITTED', 'A_PARTLYSUBMITTED', 'W_Assess_fraud', 'W_Fix_incomplete_submission', 'A_PREACCEPTED', 'W_Complete_preaccepted_appl', 'A_ACCEPTED', 'A_FINALIZED', 'O_SELECTED', 'O_CREATED', 'O_SENT']",{'AMOUNT': 19704},{'bank_branch': 'Utrecht'}
34,O_SENT,2022-01-08 09:49:53.017571,2022-01-08 20:24:35.612872,2022-01-08 22:05:11.269880,Role 3,C,10,10,10,1,"[0.0, 0.0, 1.0]",1.0,7,"['A_SUBMITTED', 'A_PARTLYSUBMITTED', 'W_Fix_incomplete_submission', 'W_Assess_fraud', 'A_PREACCEPTED', 'W_Complete_preaccepted_appl', 'A_ACCEPTED', 'A_FINALIZED', 'O_SELECTED', 'O_CREATED']",{'AMOUNT': 64704},{'bank_branch': 'Utrecht'}
34,W_Call_after_offer,2022-01-08 22:05:11.269880,,,Role 2,,10,-1,-1,0,"[0.0, 0.0, 0.0]",0.0,0,"['A_SUBMITTED', 'A_PARTLYSUBMITTED', 'W_Fix_incomplete_submission', 'W_Assess_fraud', 'A_PREACCEPTED', 'W_Complete_preaccepted_appl', 'A_ACCEPTED', 'A_FINALIZED', 'O_SELECTED', 'O_CREATED', 'O_SENT']",{'AMOUNT': 64704},{'bank_branch': 'Utrecht'}
27,O_SENT,2022-01-08 10:59:25.839765,2022-01-08 22:05:11.269880,2022-01-08 23:34:07.920258,Role 3,C,10,10,10,1,"[0.0, 0.0, 1.0]",1.0,6,"['A_SUBMITTED', 'A_PARTLYSUBMITTED', 'W_Fix_incomplete_submission', 'W_Assess_fraud', 'A_PREACCEPTED', 'W_Complete_preaccepted_appl', 'A_ACCEPTED', 'A_FINALIZED', 'O_SELECTED', 'O_CREATED']",{'AMOUNT': 43175},{'bank_branch': 'Utrecht'}
27,W_Call_after_offer,2022-01-08 23:34:07.920258,,,Role 2,,10,-1,-1,0,"[0.0, 0.0, 0.0]",0.0,0,"['A_SUBMITTED', 'A_PARTLYSUBMITTED', 'W_Fix_incomplete_submission', 'W_Assess_fraud', 'A_PREACCEPTED', 'W_Complete_preaccepted_appl', 'A_ACCEPTED', 'A_FINALIZED', 'O_SELECTED', 'O_CREATED', 'O_SENT']",{'AMOUNT': 43175},{'bank_branch': 'Utrecht'}
6,O_SENT,2022-01-08 14:34:14.090092,2022-01-09 00:00:00.920258,2022-01-09 01:25:31.027734,Role 3,C,10,10,10,1,"[0.0, 0.0, 1.0]",1.0,6,"['A_SUBMITTED', 'A_PARTLYSUBMITTED', 'W_Assess_fraud', 'W_Fix_incomplete_submission', 'A_PREACCEPTED', 'W_Complete_preaccepted_appl', 'W_Complete_preaccepted_appl', 'W_Complete_preaccepted_appl', 'A_ACCEPTED', 'A_FINALIZED', 'O_SELECTED', 'O_CREATED']",{'AMOUNT': 70087},{'bank_branch': 'Utrecht'}
6,W_Call_after_offer,2022-01-09 01:25:31.027734,,,Role 2,,10,-1,-1,0,"[0.0, 0.0, 0.0]",0.0,0,"['A_SUBMITTED', 'A_PARTLYSUBMITTED', 'W_Assess_fraud', 'W_Fix_incomplete_submission', 'A_PREACCEPTED', 'W_Complete_preaccepted_appl', 'W_Complete_preaccepted_appl', 'W_Complete_preaccepted_appl', 'A_ACCEPTED', 'A_FINALIZED', 'O_SELECTED', 'O_CREATED', 'O_SENT']",{'AMOUNT': 70087},{'bank_branch': 'Utrecht'}
33,O_SENT,2022-01-08 15:46:38.033362,2022-01-09 01:25:31.027734,2022-01-09 03:22:33.044290,Role 3,C,10,10,10,1,"[0.0, 0.0, 1.0]",1.0,6,"['A_SUBMITTED', 'A_PARTLYSUBMITTED', 'W_Assess_fraud', 'W_Fix_incomplete_submission', 'A_PREACCEPTED', 'W_Complete_preaccepted_appl', 'W_Complete_preaccepted_appl', 'A_ACCEPTED', 'A_FINALIZED', 'O_SELECTED', 'O_CREATED']",{'AMOUNT': 27219},{'bank_branch': 'Utrecht'}
33,W_Call_after_offer,2022-01-09 03:22:33.044290,,,Role 2,,10,-1,-1,0,"[0.0, 0.0, 0.0]",0.0,0,"['A_SUBMITTED', 'A_PARTLYSUBMITTED', 'W_Assess_fraud', 'W_Fix_incomplete_submission', 'A_PREACCEPTED', 'W_Complete_preaccepted_appl', 'W_Complete_preaccepted_appl', 'A_ACCEPTED', 'A_FINALIZED', 'O_SELECTED', 'O_CREATED', 'O_SENT']",{'AMOUNT': 27219},{'bank_branch': 'Utrecht'}
16,O_SENT,2022-01-08 18:52:21.005608,2022-01-09 03:22:33.044290,2022-01-09 04:35:20.754460,Role 3,C,10,10,10,1,"[0.0, 0.0, 1.0]",1.0,5,"['A_SUBMITTED', 'A_PARTLYSUBMITTED', 'W_Fix_incomplete_submission', 'W_Assess_fraud', 'A_PREACCEPTED', 'W_Complete_preaccepted_appl', 'W_Complete_preaccepted_appl', 'W_Complete_preaccepted_appl', 'A_ACCEPTED', 'A_FINALIZED', 'O_SELECTED', 'O_CREATED']",{'AMOUNT': 137},{'bank_branch': 'Utrecht'}
16,W_Call_after_offer,2022-01-09 04:35:20.754460,,,Role 2,,10,-1,-1,0,"[0.0, 0.0, 0.0]",0.0,0,"['A_SUBMITTED', 'A_PARTLYSUBMITTED', 'W_Fix_incomplete_submission', 'W_Assess_fraud', 'A_PREACCEPTED', 'W_Complete_preaccepted_appl', 'W_Complete_preaccepted_appl', 'W_Complete_preaccepted_appl', 'A_ACCEPTED', 'A_FINALIZED', 'O_SELECTED', 'O_CREATED', 'O_SENT']",{'AMOUNT': 137},{'bank_branch': 'Utrecht'}
2,W_Call_after_offer,2022-01-07 16:21:03.247811,2022-01-16 10:50:47.247811,2022-01-16 12:13:12.845686,Role 2,A,10,10,10,1,"[0.0, 1.0, 0.0]",1.0,0,"['A_SUBMITTED', 'A_PARTLYSUBMITTED', 'W_Assess_fraud', 'W_Fix_incomplete_submission', 'A_PREACCEPTED', 'W_Complete_preaccepted_appl', 'A_ACCEPTED', 'A_FINALIZED', 'O_SELECTED', 'O_CREATED', 'O_SENT']",{'AMOUNT': 78700},{'bank_branch': 'Utrecht'}
6,W_Call_after_offer,2022-01-09 01:25:31.027734,2022-01-16 21:24:12.027734,2022-01-16 23:08:26.043588,Role 2,A,10,9,9,1,"[0.0, 1.0, 0.0]",1.0,0,"['A_SUBMITTED', 'A_PARTLYSUBMITTED', 'W_Assess_fraud', 'W_Fix_incomplete_submission', 'A_PREACCEPTED', 'W_Complete_preaccepted_appl', 'W_Complete_preaccepted_appl', 'W_Complete_preaccepted_appl', 'A_ACCEPTED', 'A_FINALIZED', 'O_SELECTED', 'O_CREATED', 'O_SENT']",{'AMOUNT': 70087},{'bank_branch': 'Utrecht'}
11,W_Call_after_offer,2022-01-08 06:21:30.628839,2022-01-17 00:00:00.043588,2022-01-17 01:50:01.477473,Role 2,A,10,8,8,1,"[0.0, 1.0, 0.0]",1.0,0,"['A_SUBMITTED', 'A_PARTLYSUBMITTED', 'W_Fix_incomplete_submission', 'W_Assess_fraud', 'A_PREACCEPTED', 'W_Complete_preaccepted_appl', 'A_ACCEPTED', 'A_FINALIZED', 'O_SELECTED', 'O_CREATED', 'O_SENT']",{'AMOUNT': 53695},{'bank_branch': 'Utrecht'}
34,W_Call_after_offer,2022-01-08 22:05:11.269880,2022-01-17 03:23:02.269880,2022-01-17 05:03:13.207276,Role 2,A,10,7,7,1,"[0.0, 1.0, 0.0]",1.0,0,"['A_SUBMITTED', 'A_PARTLYSUBMITTED', 'W_Fix_incomplete_submission', 'W_Assess_fraud', 'A_PREACCEPTED', 'W_Complete_preaccepted_appl', 'A_ACCEPTED', 'A_FINALIZED', 'O_SELECTED', 'O_CREATED', 'O_SENT']",{'AMOUNT': 64704},{'bank_branch': 'Utrecht'}
18,W_Call_after_offer,2022-01-08 12:35:42.601704,2022-01-17 05:03:13.207276,2022-01-17 06:35:31.429378,Role 2,A,10,6,6,1,"[0.0, 1.0, 0.0]",1.0,0,"['A_SUBMITTED', 'A_PARTLYSUBMITTED', 'W_Assess_fraud', 'W_Fix_incomplete_submission', 'A_PREACCEPTED', 'W_Complete_preaccepted_appl', 'A_ACCEPTED', 'A_FINALIZED', 'O_SELECTED', 'O_CREATED', 'O_SENT']",{'AMOUNT': 79032},{'bank_branch': 'Utrecht'}
33,W_Call_after_offer,2022-01-09 03:22:33.044290,2022-01-17 07:01:04.044290,2022-01-17 08:02:24.969014,Role 2,A,10,5,5,1,"[0.0, 1.0, 0.0]",1.0,0,"['A_SUBMITTED', 'A_PARTLYSUBMITTED', 'W_Assess_fraud', 'W_Fix_incomplete_submission', 'A_PREACCEPTED', 'W_Complete_preaccepted_appl', 'W_Complete_preaccepted_appl', 'A_ACCEPTED', 'A_FINALIZED', 'O_SELECTED', 'O_CREATED', 'O_SENT']",{'AMOUNT': 27219},{'bank_branch': 'Utrecht'}
27,W_Call_after_offer,2022-01-08 23:34:07.920258,2022-01-17 09:49:55.920258,2022-01-17 11:33:10.442856,Role 2,A,10,4,4,1,"[0.0, 1.0, 0.0]",1.0,0,"['A_SUBMITTED', 'A_PARTLYSUBMITTED', 'W_Fix_incomplete_submission', 'W_Assess_fraud', 'A_PREACCEPTED', 'W_Complete_preaccepted_appl', 'A_ACCEPTED', 'A_FINALIZED', 'O_SELECTED', 'O_CREATED', 'O_SENT']",{'AMOUNT': 43175},{'bank_branch': 'Utrecht'}
16,W_Call_after_offer,2022-01-09 04:35:20.754460,2022-01-17 11:33:10.442856,2022-01-17 12:46:49.416670,Role 2,A,10,3,3,1,"[0.0, 1.0, 0.0]",1.0,0,"['A_SUBMITTED', 'A_PARTLYSUBMITTED', 'W_Fix_incomplete_submission', 'W_Assess_fraud', 'A_PREACCEPTED', 'W_Complete_preaccepted_appl', 'W_Complete_preaccepted_appl', 'W_Complete_preaccepted_appl', 'A_ACCEPTED', 'A_FINALIZED', 'O_SELECTED', 'O_CREATED', 'O_SENT']",{'AMOUNT': 137},{'bank_branch': 'Utrecht'}
0,W_Call_after_offer,2022-01-08 17:40:42.424646,2022-01-17 12:46:49.416670,2022-01-17 14:16:04.177105,Role 2,A,10,2,2,1,"[0.0, 1.0, 0.0]",1.0,0,"['A_SUBMITTED', 'A_PARTLYSUBMITTED', 'W_Assess_fraud', 'W_Fix_incomplete_submission', 'A_PREACCEPTED', 'W_Complete_preaccepted_appl', 'W_Complete_preaccepted_appl', 'A_ACCEPTED', 'A_FINALIZED', 'O_SELECTED', 'O_CREATED', 'O_SENT']",{'AMOUNT': 78801},{'bank_branch': 'Utrecht'}
24,W_Call_after_offer,2022-01-08 20:24:35.612872,2022-01-17 14:16:04.177105,2022-01-17 16:11:15.460313,Role 2,A,10,1,1,1,"[0.0, 1.0, 0.0]",1.0,0,"['A_SUBMITTED', 'A_PARTLYSUBMITTED', 'W_Assess_fraud', 'W_Fix_incomplete_submission', 'A_PREACCEPTED', 'W_Complete_preaccepted_appl', 'A_ACCEPTED', 'A_FINALIZED', 'O_SELECTED', 'O_CREATED', 'O_SENT']",{'AMOUNT': 19704},{'bank_branch': 'Utrecht'}
